help,office,dance,money,wedding,domestic_work,sleep,medical_emergency,cold,hate,cheerfulness,aggression,occupation,envy,anticipation,family,vacation,crime,attractive,masculine,prison,health,pride,dispute,nervousness,government,weakness,horror,swearing_terms,leisure,suffering,royalty,wealthy,tourism,furniture,school,magic,beach,journalism,morning,banking,social_media,exercise,night,kill,blue_collar_job,art,ridicule,play,computer,college,optimism,stealing,real_estate,home,divine,sexual,fear,irritability,superhero,business,driving,pet,childish,cooking,exasperation,religion,hipster,internet,surprise,reading,worship,leader,independence,movement,body,noise,eating,medieval,zest,confusion,water,sports,death,healing,legend,heroic,celebration,restaurant,violence,programming,dominant_heirarchical,military,neglect,swimming,exotic,love,hiking,communication,hearing,order,sympathy,hygiene,weather,anonymity,trust,ancient,deception,fabric,air_travel,fight,dominant_personality,music,vehicle,politeness,toy,farming,meeting,war,speaking,listen,urban,shopping,disgust,fire,tool,phone,gain,sound,injury,sailing,rage,science,work,appearance,valuable,warmth,youth,sadness,fun,emotional,joy,affection,traveling,fashion,ugliness,lust,shame,torment,economics,anger,politics,ship,clothing,car,strength,technology,breaking,shape_and_size,power,white_collar_job,animal,party,terrorism,smell,disappointment,poor,plant,pain,beauty,timidity,philosophy,negotiate,negative_emotion,cleaning,messaging,competing,law,friends,payment,achievement,alcohol,liquid,feminine,weapon,children,monster,ocean,giving,contentment,writing,rural,positive_emotion,musical,throwback,colors,workout,cold_war,danceability,energy,loudness,speechiness,instrumentalness,liveness
0.0,0.0,0.006234413965087282,0.0,0.0,0.006234413965087282,0.0,0.0,0.0,0.0,0.0,0.0,0.0,0.0,0.0,0.0,0.0,0.0,0.0012468827930174563,0.0,0.0,0.0,0.0,0.0,0.0,0.0,0.0,0.0012468827930174563,0.0,0.0,0.0012468827930174563,0.0,0.0,0.0,0.0,0.0,0.0,0.0,0.0,0.0,0.0,0.0,0.0,0.0,0.0,0.0,0.0024937655860349127,0.0,0.0,0.0012468827930174563,0.0,0.0012468827930174563,0.0,0.006234413965087282,0.006234413965087282,0.0,0.0,0.0024937655860349127,0.0,0.0,0.007481296758104738,0.0,0.0012468827930174563,0.00997506234413965,0.0,0.0,0.0,0.0,0.0012468827930174563,0.0,0.0,0.0,0.0,0.0,0.03740648379052369,0.008728179551122194,0.003740648379052369,0.0,0.0,0.0,0.0,0.0,0.0012468827930174563,0.0,0.0012468827930174563,0.0,0.0,0.0012468827930174563,0.0,0.007481296758104738,0.0,0.0,0.0,0.0,0.0,0.0,0.0,0.0,0.0,0.003740648379052369,0.0,0.0,0.0,0.0,0.0,0.0,0.0,0.0,0.0,0.0012468827930174563,0.0,0.0,0.007481296758104738,0.0,0.0,0.0,0.0,0.0,0.0,0.0,0.006234413965087282,0.0012468827930174563,0.0,0.0,0.0024937655860349127,0.0,0.0,0.0,0.003740648379052369,0.0,0.0,0.0,0.0,0.007481296758104738,0.0024937655860349127,0.0,0.0024937655860349127,0.011221945137157107,0.0,0.003740648379052369,0.0,0.0,0.0,0.004987531172069825,0.0012468827930174563,0.0012468827930174563,0.0,0.0,0.0,0.0,0.0,0.0,0.0,0.0,0.0,0.00997506234413965,0.0,0.0,0.0012468827930174563,0.008728179551122194,0.0,0.0,0.0,0.0,0.0,0.0,0.0,0.0,0.007481296758104738,0.0,0.0,0.0,0.0,0.016209476309226933,0.0,0.0,0.0,0.0,0.011221945137157107,0.0,0.0,0.0,0.0,0.011221945137157107,0.0024937655860349127,0.00997506234413965,0.0,0.0,0.004987531172069825,0.0,0.0,0.0,0.0024937655860349127,0.003740648379052369,0.0,0.0,0.0,0.0,0.904,0.813,-7.105,0.121,0.00697,0.0471
0.0,0.0,0.0,0.0,0.0,0.0,0.0,0.0,0.010135135135135136,0.0,0.0,0.0,0.0,0.0,0.0,0.0,0.013513513513513514,0.0,0.0,0.0033783783783783786,0.0,0.0,0.0,0.0,0.006756756756756757,0.0,0.0,0.0,0.0,0.0,0.0,0.0,0.0,0.0,0.0,0.0,0.0,0.013513513513513514,0.0,0.0,0.0,0.0,0.0,0.0,0.013513513513513514,0.0,0.0,0.0,0.0,0.0,0.0,0.006756756756756757,0.0,0.0,0.0,0.013513513513513514,0.0,0.0,0.0,0.0,0.0033783783783783786,0.013513513513513514,0.0,0.0,0.0,0.0,0.0,0.0033783783783783786,0.0,0.0,0.0,0.0,0.0,0.0,0.0,0.006756756756756757,0.0,0.02702702702702703,0.0,0.0,0.0,0.0,0.0,0.0,0.0,0.0,0.0,0.0,0.0,0.006756756756756757,0.0,0.0,0.0,0.0,0.0,0.013513513513513514,0.013513513513513514,0.0,0.0,0.0,0.0,0.0,0.0,0.0033783783783783786,0.0,0.0,0.0,0.0,0.0033783783783783786,0.0,0.0,0.0,0.0,0.013513513513513514,0.0,0.0,0.0,0.0,0.0,0.0,0.0,0.0,0.0,0.0,0.0,0.0,0.0,0.0,0.0,0.0,0.0,0.0,0.0,0.0,0.0,0.0,0.0033783783783783786,0.0,0.0,0.0,0.0,0.0,0.006756756756756757,0.0,0.0033783783783783786,0.0,0.0,0.006756756756756757,0.0,0.0,0.0,0.0,0.0,0.0033783783783783786,0.013513513513513514,0.0033783783783783786,0.0,0.0,0.0,0.0,0.0,0.0,0.0,0.0,0.02702702702702703,0.0,0.0,0.0,0.006756756756756757,0.0,0.0,0.0,0.0,0.0,0.0,0.0,0.0,0.0,0.006756756756756757,0.0,0.0,0.04391891891891892,0.0033783783783783786,0.0,0.0,0.0,0.0,0.0,0.010135135135135136,0.006756756756756757,0.0,0.0,0.006756756756756757,0.0,0.0,0.0,0.0,0.0,0.774,0.838,-3.914,0.114,0.025,0.242
0.0,0.0,0.0,0.0022935779816513763,0.0,0.0,0.0,0.0,0.005733944954128441,0.0011467889908256881,0.0011467889908256881,0.0,0.0,0.0,0.0,0.0045871559633027525,0.0,0.0,0.03211009174311927,0.0022935779816513763,0.0011467889908256881,0.0,0.0011467889908256881,0.0034403669724770644,0.0,0.0,0.0,0.0,0.0,0.0,0.0,0.0,0.0,0.0,0.0,0.0,0.0,0.0,0.0,0.0,0.0,0.0011467889908256881,0.0,0.0011467889908256881,0.0,0.0,0.0,0.0,0.0011467889908256881,0.0,0.0,0.008027522935779817,0.0,0.0011467889908256881,0.0,0.0,0.0045871559633027525,0.0,0.0,0.0,0.0011467889908256881,0.0,0.0,0.0011467889908256881,0.0,0.0,0.0,0.03096330275229358,0.0045871559633027525,0.0,0.0045871559633027525,0.0,0.0,0.0,0.0,0.005733944954128441,0.0,0.0,0.0,0.0,0.0,0.0,0.0011467889908256881,0.0011467889908256881,0.008027522935779817,0.0,0.0045871559633027525,0.0,0.0,0.0022935779816513763,0.0,0.0,0.0,0.0,0.0,0.0,0.01261467889908257,0.0,0.0045871559633027525,0.0022935779816513763,0.0011467889908256881,0.0011467889908256881,0.0,0.0,0.0,0.008027522935779817,0.0,0.0022935779816513763,0.0034403669724770644,0.0,0.0022935779816513763,0.0011467889908256881,0.0022935779816513763,0.0,0.0011467889908256881,0.0022935779816513763,0.0,0.0022935779816513763,0.0011467889908256881,0.005733944954128441,0.005733944954128441,0.0,0.0011467889908256881,0.0,0.0,0.0,0.0011467889908256881,0.0,0.0,0.0011467889908256881,0.0,0.0,0.0,0.0,0.0022935779816513763,0.0,0.0,0.0022935779816513763,0.0,0.0,0.0,0.0011467889908256881,0.008027522935779817,0.0,0.0011467889908256881,0.0011467889908256881,0.0,0.0,0.0,0.0,0.0,0.0,0.0,0.0022935779816513763,0.0,0.0022935779816513763,0.0,0.0011467889908256881,0.0,0.0,0.0,0.0,0.0,0.0,0.0,0.0,0.0,0.0,0.0,0.0,0.0,0.0,0.0,0.03211009174311927,0.0,0.0,0.0,0.0,0.010321100917431193,0.0,0.0011467889908256881,0.0,0.0,0.0022935779816513763,0.0,0.005733944954128441,0.0,0.0,0.005733944954128441,0.0011467889908256881,0.0045871559633027525,0.0,0.011467889908256881,0.0022935779816513763,0.0,0.0,0.0,0.0011467889908256881,0.664,0.758,-6.583,0.21,0.0,0.0598
0.0,0.0,0.026499302649930265,0.0,0.0,0.0,0.0,0.0,0.002789400278940028,0.0,0.0,0.0,0.0,0.0,0.0,0.001394700139470014,0.005578800557880056,0.0,0.0,0.011157601115760111,0.0,0.0,0.0,0.0,0.0,0.0,0.0,0.0,0.0,0.005578800557880056,0.0,0.0,0.0,0.0,0.0,0.0,0.0,0.0,0.0,0.0,0.0,0.0,0.0,0.0,0.0,0.0,0.011157601115760111,0.0,0.016736401673640166,0.0,0.0,0.0041841004184100415,0.0,0.0,0.0,0.0,0.0041841004184100415,0.0,0.0,0.0,0.0,0.0,0.012552301255230125,0.00697350069735007,0.0,0.0,0.0,0.0,0.0,0.0,0.0,0.0,0.0,0.0,0.03347280334728033,0.0,0.0,0.0,0.0,0.0,0.0,0.0,0.005578800557880056,0.0,0.001394700139470014,0.0,0.0,0.008368200836820083,0.0,0.009762900976290097,0.0,0.0,0.0,0.0,0.0,0.0,0.002789400278940028,0.0,0.001394700139470014,0.0,0.001394700139470014,0.0,0.0,0.002789400278940028,0.0,0.0,0.0,0.0,0.0,0.0,0.0,0.0,0.03347280334728033,0.0,0.0,0.005578800557880056,0.0,0.002789400278940028,0.0,0.001394700139470014,0.002789400278940028,0.0,0.0,0.0,0.0,0.0,0.0,0.001394700139470014,0.0,0.005578800557880056,0.002789400278940028,0.0,0.0,0.0,0.0,0.0,0.002789400278940028,0.016736401673640166,0.0,0.015341701534170154,0.0,0.0,0.002789400278940028,0.008368200836820083,0.0,0.0,0.0,0.0,0.0,0.0,0.0,0.0,0.002789400278940028,0.0,0.0,0.001394700139470014,0.0,0.005578800557880056,0.0,0.0,0.0,0.0,0.0,0.0,0.0,0.0,0.0,0.0,0.001394700139470014,0.0,0.0,0.0,0.0,0.011157601115760111,0.0,0.0,0.001394700139470014,0.0,0.02092050209205021,0.0,0.0,0.0,0.0,0.00697350069735007,0.0,0.016736401673640166,0.0,0.0,0.002789400278940028,0.0,0.0,0.0,0.0041841004184100415,0.008368200836820083,0.0,0.0,0.001394700139470014,0.0,0.892,0.714,-6.055,0.141,0.000234,0.0521
0.0015698587127158557,0.0,0.0,0.0015698587127158557,0.0,0.006279434850863423,0.0015698587127158557,0.0,0.0,0.0,0.0,0.0,0.0,0.0,0.0,0.0,0.0,0.0,0.0,0.0031397174254317113,0.0,0.0,0.0,0.0031397174254317113,0.0,0.0,0.0,0.0031397174254317113,0.0,0.0015698587127158557,0.0031397174254317113,0.0,0.0,0.0,0.0031397174254317113,0.0,0.0,0.0,0.0,0.0,0.0,0.0031397174254317113,0.0015698587127158557,0.0,0.0,0.0,0.0,0.0,0.0031397174254317113,0.0,0.0,0.0031397174254317113,0.0,0.0,0.012558869701726845,0.0031397174254317113,0.006279434850863423,0.004709576138147566,0.0,0.0,0.0,0.0,0.0,0.009419152276295133,0.0,0.0,0.0,0.0,0.0015698587127158557,0.0,0.0015698587127158557,0.0,0.0,0.0,0.004709576138147566,0.009419152276295133,0.0031397174254317113,0.0,0.0,0.0,0.0031397174254317113,0.0,0.0015698587127158557,0.0,0.0031397174254317113,0.0,0.0,0.0,0.0031397174254317113,0.0,0.0,0.0,0.0,0.0,0.0,0.0,0.0015698587127158557,0.0015698587127158557,0.007849293563579277,0.004709576138147566,0.004709576138147566,0.0,0.009419152276295133,0.0,0.0,0.0031397174254317113,0.0,0.0015698587127158557,0.0,0.0,0.0,0.0,0.0031397174254317113,0.0,0.0,0.0015698587127158557,0.0,0.0015698587127158557,0.0,0.01098901098901099,0.006279434850863423,0.0,0.0,0.0,0.0,0.0,0.0015698587127158557,0.0,0.0031397174254317113,0.0031397174254317113,0.0,0.0,0.0,0.0,0.0015698587127158557,0.0,0.0,0.009419152276295133,0.0031397174254317113,0.0015698587127158557,0.0,0.0,0.0,0.0,0.0,0.0,0.0,0.0031397174254317113,0.0031397174254317113,0.0,0.0031397174254317113,0.0,0.0,0.0,0.0,0.0015698587127158557,0.0,0.0,0.0,0.0,0.0,0.0,0.0,0.0,0.0,0.0,0.0,0.0,0.0031397174254317113,0.0,0.0,0.0,0.0,0.004709576138147566,0.009419152276295133,0.0,0.0,0.0,0.009419152276295133,0.0,0.0,0.0,0.0,0.01098901098901099,0.0,0.01098901098901099,0.0,0.0,0.004709576138147566,0.0,0.0015698587127158557,0.0,0.006279434850863423,0.0031397174254317113,0.0,0.0,0.0,0.0,0.853,0.606,-4.596,0.0713,0.0,0.313
0.0,0.0,0.002758620689655172,0.001379310344827586,0.0,0.0,0.0,0.0,0.002758620689655172,0.0,0.0,0.0,0.0,0.0,0.0,0.008275862068965517,0.0,0.0,0.0,0.0,0.001379310344827586,0.0,0.0,0.0,0.0,0.0,0.0,0.0,0.001379310344827586,0.0,0.0,0.0,0.0,0.0,0.0,0.0,0.0,0.0,0.0,0.0,0.0,0.001379310344827586,0.0,0.0,0.001379310344827586,0.0,0.001379310344827586,0.0,0.0,0.0,0.0,0.0,0.0,0.0,0.0,0.0,0.0,0.0,0.0,0.0,0.001379310344827586,0.001379310344827586,0.0,0.001379310344827586,0.0,0.0,0.0,0.0,0.0,0.0,0.0,0.0,0.0,0.0,0.002758620689655172,0.005517241379310344,0.002758620689655172,0.0,0.0,0.001379310344827586,0.0,0.0,0.001379310344827586,0.001379310344827586,0.0,0.0,0.001379310344827586,0.004137931034482759,0.0,0.005517241379310344,0.0,0.0,0.0,0.0,0.0,0.0,0.0,0.0,0.001379310344827586,0.004137931034482759,0.0,0.0,0.001379310344827586,0.0,0.0,0.001379310344827586,0.0,0.0,0.0,0.0,0.0,0.0,0.006896551724137931,0.0,0.0,0.0,0.001379310344827586,0.0,0.0,0.004137931034482759,0.008275862068965517,0.001379310344827586,0.001379310344827586,0.0,0.0,0.0,0.0,0.0,0.002758620689655172,0.0,0.0,0.0,0.0,0.001379310344827586,0.0,0.0,0.0,0.0,0.0,0.002758620689655172,0.0,0.0,0.0,0.004137931034482759,0.002758620689655172,0.0,0.0,0.0,0.0,0.0,0.0,0.0,0.0,0.002758620689655172,0.0,0.002758620689655172,0.0,0.0,0.0,0.0,0.0,0.001379310344827586,0.0,0.0,0.0,0.0,0.0,0.0,0.0,0.0,0.0,0.0,0.0,0.008275862068965517,0.0,0.0,0.0,0.0,0.004137931034482759,0.0,0.0,0.0,0.001379310344827586,0.001379310344827586,0.0,0.0,0.0,0.0,0.001379310344827586,0.0,0.0,0.0,0.001379310344827586,0.001379310344827586,0.0,0.0,0.0,0.0,0.881,0.788,-4.669,0.168,0.0,0.0377
0.0,0.0,0.007974481658692184,0.0,0.0,0.0,0.0,0.0,0.003189792663476874,0.0,0.0,0.0,0.0,0.0,0.0,0.003189792663476874,0.001594896331738437,0.0,0.0,0.006379585326953748,0.0,0.0,0.0,0.0,0.003189792663476874,0.0,0.0,0.001594896331738437,0.0,0.001594896331738437,0.0,0.0,0.003189792663476874,0.0,0.0,0.0,0.0,0.0,0.0,0.0,0.0,0.0,0.0,0.0,0.0,0.0,0.0,0.0,0.003189792663476874,0.0,0.0,0.003189792663476874,0.0,0.0,0.0,0.0,0.001594896331738437,0.0,0.0,0.0,0.0,0.0,0.0,0.001594896331738437,0.0,0.0,0.0,0.0,0.0,0.0,0.0,0.0,0.0,0.0,0.0,0.003189792663476874,0.001594896331738437,0.0,0.0,0.0,0.0,0.0,0.0,0.004784688995215311,0.0,0.0,0.0,0.0,0.0,0.003189792663476874,0.0,0.0,0.0,0.0,0.0,0.0,0.007974481658692184,0.0,0.0,0.001594896331738437,0.0,0.0,0.0,0.0,0.0,0.003189792663476874,0.0,0.0,0.0,0.0,0.0,0.0,0.007974481658692184,0.0,0.0,0.0,0.0,0.0,0.0,0.0,0.001594896331738437,0.0,0.0,0.0,0.0,0.0,0.0,0.0,0.001594896331738437,0.0,0.0,0.0,0.0,0.0,0.0,0.0,0.0,0.007974481658692184,0.0,0.0,0.0,0.0,0.003189792663476874,0.0,0.0,0.0,0.0,0.003189792663476874,0.0,0.0,0.0,0.0,0.0,0.0,0.0,0.009569377990430622,0.0,0.0,0.0,0.0,0.0,0.0,0.0,0.0,0.0,0.0,0.0,0.0,0.004784688995215311,0.0,0.0,0.0,0.0,0.0,0.0,0.0,0.0,0.0,0.022328548644338118,0.0,0.0,0.0,0.0,0.001594896331738437,0.0,0.007974481658692184,0.0,0.0,0.0,0.003189792663476874,0.0,0.0,0.003189792663476874,0.0,0.0,0.0,0.0,0.0,0.662,0.507,-8.238,0.118,0.0,0.0465
0.001607717041800643,0.0,0.0,0.0,0.001607717041800643,0.0,0.0,0.0,0.0,0.0,0.0,0.0,0.0,0.0,0.0,0.001607717041800643,0.001607717041800643,0.0,0.001607717041800643,0.0,0.0,0.0,0.0,0.0,0.0,0.0,0.0,0.0,0.0,0.0,0.0,0.0,0.0,0.0,0.0,0.0,0.0,0.0,0.0,0.0,0.0,0.0,0.0,0.001607717041800643,0.0,0.0,0.0,0.0,0.001607717041800643,0.001607717041800643,0.0,0.001607717041800643,0.0,0.0,0.0,0.0,0.003215434083601286,0.0,0.0,0.0,0.0,0.0,0.0,0.0,0.0,0.0,0.0,0.0,0.0,0.0,0.0,0.0,0.0,0.0,0.0,0.0,0.0,0.0,0.0,0.0,0.0,0.0,0.0,0.0,0.0,0.0,0.0,0.0,0.0,0.0,0.0,0.0,0.0,0.0,0.0,0.0,0.003215434083601286,0.0,0.003215434083601286,0.0,0.0,0.0,0.003215434083601286,0.001607717041800643,0.0,0.001607717041800643,0.0,0.0,0.0,0.0,0.0,0.0,0.0,0.0,0.0,0.0,0.0,0.0,0.0,0.003215434083601286,0.0,0.0,0.003215434083601286,0.0,0.003215434083601286,0.0,0.0,0.0,0.0,0.001607717041800643,0.0,0.0,0.0,0.0,0.0,0.0,0.003215434083601286,0.0,0.0,0.0,0.0,0.0,0.001607717041800643,0.001607717041800643,0.006430868167202572,0.0,0.0,0.0,0.0,0.0,0.0,0.0,0.0,0.003215434083601286,0.0,0.001607717041800643,0.0,0.001607717041800643,0.001607717041800643,0.0,0.0,0.0,0.0,0.0,0.0,0.0,0.0,0.0,0.001607717041800643,0.0,0.0,0.0,0.0,0.0,0.0,0.001607717041800643,0.0,0.0,0.001607717041800643,0.0,0.0,0.0,0.0,0.00482315112540193,0.0,0.0,0.0,0.0,0.001607717041800643,0.0,0.0,0.0,0.017684887459807074,0.0,0.0,0.0,0.0,0.0,0.57,0.821,-4.38,0.267,0.0,0.289
0.0,0.0,0.0009746588693957114,0.0009746588693957114,0.0,0.001949317738791423,0.0009746588693957114,0.0,0.0009746588693957114,0.0,0.0,0.0,0.0,0.0,0.0,0.0009746588693957114,0.0,0.0,0.0,0.0,0.0,0.0,0.0,0.0009746588693957114,0.0009746588693957114,0.0,0.0,0.0,0.0,0.0,0.0,0.0,0.0,0.0,0.0009746588693957114,0.0,0.0,0.0,0.0,0.0,0.0,0.0,0.0,0.0,0.0,0.0,0.0,0.0,0.010721247563352826,0.0,0.0,0.015594541910331383,0.0,0.0009746588693957114,0.001949317738791423,0.0009746588693957114,0.0,0.0,0.0,0.0,0.0,0.0,0.0,0.001949317738791423,0.0,0.0,0.0,0.0,0.0,0.004873294346978557,0.0,0.0,0.0,0.0,0.0009746588693957114,0.0009746588693957114,0.0009746588693957114,0.0,0.0,0.0,0.007797270955165692,0.0,0.0,0.0,0.003898635477582846,0.0,0.0,0.0,0.0,0.0009746588693957114,0.0,0.0,0.0,0.0,0.0,0.0,0.012670565302144249,0.0,0.008771929824561403,0.0029239766081871343,0.00682261208576998,0.0,0.0,0.0,0.0,0.0009746588693957114,0.0,0.001949317738791423,0.0,0.0,0.0009746588693957114,0.0,0.0,0.0,0.0,0.0009746588693957114,0.0,0.0,0.0,0.043859649122807015,0.003898635477582846,0.0,0.0,0.0,0.0,0.0,0.0009746588693957114,0.0,0.0009746588693957114,0.0,0.0,0.0,0.0,0.0,0.0,0.0,0.0,0.0009746588693957114,0.0,0.0,0.0,0.0,0.011695906432748537,0.0,0.0,0.0,0.0,0.0009746588693957114,0.0,0.0,0.0,0.0,0.0,0.0,0.0,0.001949317738791423,0.0,0.0,0.0,0.0,0.0,0.0,0.0,0.0,0.0,0.0,0.0,0.0,0.0009746588693957114,0.0,0.0,0.0,0.0,0.003898635477582846,0.0,0.0,0.0,0.0,0.01364522417153996,0.0,0.0,0.0,0.0,0.001949317738791423,0.0,0.001949317738791423,0.0,0.0,0.0,0.0009746588693957114,0.0009746588693957114,0.0,0.018518518518518517,0.0,0.0,0.0,0.0,0.0,0.713,0.678,-3.525,0.102,0.0,0.149
0.0,0.0,0.0,0.0,0.0,0.0,0.0,0.0,0.0,0.0,0.0,0.0,0.0,0.0,0.0,0.0,0.0,0.0,0.0,0.0,0.0,0.0,0.0,0.0,0.0,0.0,0.0,0.0,0.0,0.0,0.0,0.0,0.0,0.0,0.0,0.0,0.0,0.0,0.0,0.0,0.0,0.0,0.0,0.0,0.0,0.0,0.0,0.0,0.0,0.0,0.0,0.0001438021282714984,0.0,0.0,0.0,0.0,0.0,0.0,0.0,0.0,0.0,0.0,0.0,0.0,0.0,0.0,0.0,0.0,0.0,0.0,0.0,0.0,0.0,0.0,0.0,0.0,0.0,0.0,0.0,0.0,0.0,0.0,0.0,0.0,0.0,0.0,0.0,0.0,0.0,0.0,0.0,0.0,0.0,0.0,0.0,0.0,0.0001438021282714984,0.0,0.0,0.0,0.0,0.0,0.0,0.0,0.0,0.0,0.0,0.0,0.0,0.0,0.0,0.0,0.0,0.0,0.0,0.0,0.0,0.0,0.0,0.0,0.0,0.0,0.0,0.0,0.0,0.0,0.0,0.0,0.0,0.0,0.0,0.0,0.0,0.0,0.0,0.0,0.0,0.0,0.0,0.0,0.0,0.0,0.0001438021282714984,0.0,0.0,0.0,0.0,0.0,0.0,0.0,0.0,0.0,0.0,0.0,0.0,0.0001438021282714984,0.0,0.0,0.0,0.0,0.0,0.0,0.0,0.0,0.0,0.0,0.0,0.0,0.0,0.0,0.0,0.0,0.0,0.0,0.0,0.0,0.0,0.0,0.0001438021282714984,0.0,0.0,0.0,0.0,0.0,0.0,0.0,0.0,0.0,0.0,0.0,0.0,0.0,0.0001438021282714984,0.0,0.0,0.0,0.0,0.0,0.727,0.974,-2.261,0.0664,0.000532,0.174
0.0029498525073746312,0.0,0.0,0.0,0.0014749262536873156,0.0,0.0029498525073746312,0.0014749262536873156,0.0,0.0014749262536873156,0.0,0.0,0.0,0.0,0.0,0.0,0.0014749262536873156,0.0,0.0014749262536873156,0.0,0.0014749262536873156,0.0014749262536873156,0.0,0.0014749262536873156,0.0014749262536873156,0.0,0.0014749262536873156,0.0,0.0,0.0029498525073746312,0.0029498525073746312,0.0,0.0,0.0,0.0,0.0,0.0,0.0,0.0,0.0014749262536873156,0.0,0.0,0.0,0.0029498525073746312,0.0,0.0,0.0,0.0,0.0058997050147492625,0.0014749262536873156,0.0,0.0014749262536873156,0.0,0.0,0.0,0.0,0.0,0.0014749262536873156,0.0,0.0,0.007374631268436578,0.0,0.0014749262536873156,0.004424778761061947,0.0,0.0,0.0,0.0,0.0,0.0,0.0,0.0,0.0,0.0,0.0029498525073746312,0.0014749262536873156,0.0,0.0,0.0,0.0014749262536873156,0.0,0.0,0.004424778761061947,0.0014749262536873156,0.0014749262536873156,0.0,0.0014749262536873156,0.0,0.0,0.011799410029498525,0.0,0.0,0.0,0.0,0.0,0.0,0.0,0.0,0.0058997050147492625,0.0058997050147492625,0.0,0.0029498525073746312,0.0,0.0,0.0,0.0029498525073746312,0.0,0.0,0.0,0.0,0.0,0.0,0.0029498525073746312,0.0,0.0,0.004424778761061947,0.0,0.0014749262536873156,0.0,0.008849557522123894,0.004424778761061947,0.0,0.0,0.0,0.0,0.0,0.004424778761061947,0.0,0.0014749262536873156,0.0,0.0,0.0,0.0,0.0014749262536873156,0.0014749262536873156,0.0,0.0,0.0058997050147492625,0.0029498525073746312,0.0029498525073746312,0.0014749262536873156,0.0014749262536873156,0.0014749262536873156,0.0014749262536873156,0.0,0.0,0.0014749262536873156,0.0014749262536873156,0.0,0.0,0.0,0.0,0.0,0.0,0.0,0.0029498525073746312,0.0,0.0,0.0014749262536873156,0.0014749262536873156,0.0,0.0,0.0,0.0,0.0,0.0,0.0,0.0,0.004424778761061947,0.0,0.0014749262536873156,0.0,0.0,0.014749262536873156,0.0,0.0014749262536873156,0.0,0.0,0.0029498525073746312,0.0,0.0,0.0,0.0,0.004424778761061947,0.0,0.007374631268436578,0.0,0.0014749262536873156,0.008849557522123894,0.0014749262536873156,0.0,0.0,0.0058997050147492625,0.0029498525073746312,0.0,0.0014749262536873156,0.0,0.0,0.808,0.97,-6.098,0.0506,6.13e-05,0.154
0.0,0.0,0.003401360544217687,0.0,0.0,0.0,0.0,0.0,0.0,0.0,0.0,0.0,0.0,0.0,0.0,0.0,0.0,0.0,0.0,0.0,0.0,0.0,0.0,0.003401360544217687,0.0,0.0,0.0,0.0,0.0,0.0,0.0,0.0,0.0,0.0,0.0,0.0,0.0,0.0,0.0,0.0,0.0,0.0,0.003401360544217687,0.0,0.0,0.0,0.0,0.0,0.0,0.0,0.0,0.0,0.0,0.0,0.0,0.0,0.0,0.0,0.0,0.0,0.003401360544217687,0.0,0.0,0.013605442176870748,0.0,0.0,0.0,0.0,0.0,0.003401360544217687,0.0,0.0,0.0,0.0,0.01020408163265306,0.006802721088435374,0.0,0.0,0.0,0.0,0.0,0.0,0.003401360544217687,0.0,0.003401360544217687,0.0,0.0,0.0,0.0,0.0,0.0,0.0,0.0,0.0,0.0,0.0,0.0,0.0,0.003401360544217687,0.0,0.006802721088435374,0.0,0.0,0.0,0.0,0.003401360544217687,0.0,0.0,0.0,0.0,0.0,0.0,0.0,0.0,0.0,0.0,0.0,0.003401360544217687,0.0,0.003401360544217687,0.0,0.0,0.0,0.0,0.0,0.0,0.0,0.0,0.0,0.0,0.0,0.0,0.0,0.0,0.0,0.0,0.0,0.0,0.0,0.0,0.0,0.0,0.0,0.003401360544217687,0.0,0.0,0.0,0.0,0.0,0.0,0.0,0.0,0.0,0.0,0.0,0.006802721088435374,0.0,0.0,0.013605442176870748,0.0,0.0,0.0,0.0,0.0,0.0,0.0,0.0,0.0,0.0,0.0,0.01020408163265306,0.0,0.0,0.05102040816326531,0.0,0.0,0.0,0.0,0.003401360544217687,0.0,0.0,0.0,0.0,0.0,0.0,0.013605442176870748,0.0,0.0,0.003401360544217687,0.0,0.0,0.0,0.003401360544217687,0.0,0.0,0.0,0.0,0.0,0.71,0.553,-4.722,0.0292,5.48e-05,0.0469
0.0,0.0,0.0,0.0,0.002717391304347826,0.0,0.0,0.0,0.002717391304347826,0.0,0.0,0.0,0.0,0.0,0.0,0.0,0.0,0.0,0.04076086956521739,0.0,0.0,0.0,0.0,0.0,0.002717391304347826,0.0,0.0,0.0,0.0,0.0,0.002717391304347826,0.0,0.0,0.0,0.0,0.0,0.0,0.0,0.0,0.0,0.0,0.0,0.0,0.0,0.0,0.0,0.0,0.0,0.0,0.0,0.0,0.016304347826086956,0.0,0.0,0.0,0.0,0.0,0.01358695652173913,0.0,0.0,0.002717391304347826,0.0,0.0,0.0,0.0,0.0,0.0,0.0,0.0,0.0,0.0,0.0,0.0,0.0,0.010869565217391304,0.016304347826086956,0.0,0.0,0.0,0.0,0.0,0.0,0.0,0.0,0.0,0.0,0.0,0.002717391304347826,0.0,0.002717391304347826,0.0,0.0,0.0,0.0,0.0,0.0,0.019021739130434784,0.0,0.0,0.0,0.0,0.0,0.0,0.0,0.0,0.002717391304347826,0.0,0.0,0.0,0.0,0.008152173913043478,0.0,0.0,0.0,0.0,0.0,0.0,0.0,0.0,0.0,0.0,0.0,0.0,0.0,0.0,0.0,0.0,0.0,0.0,0.0,0.0,0.0,0.0,0.0,0.01358695652173913,0.0,0.0,0.01358695652173913,0.0,0.0,0.0,0.0,0.01358695652173913,0.0,0.0,0.0,0.002717391304347826,0.002717391304347826,0.024456521739130436,0.0,0.0,0.0,0.0,0.0,0.0,0.005434782608695652,0.0,0.0,0.0,0.0,0.0,0.0,0.0,0.0,0.0,0.0,0.0,0.0,0.005434782608695652,0.02717391304347826,0.0,0.0,0.0,0.005434782608695652,0.0,0.0,0.0,0.0,0.019021739130434784,0.0,0.0,0.0,0.0,0.04076086956521739,0.0,0.0,0.0,0.0,0.005434782608695652,0.002717391304347826,0.0,0.0,0.016304347826086956,0.0,0.0,0.0,0.0,0.0,0.66,0.666,-4.342,0.0472,0.0,0.0268
0.0,0.0,0.0,0.0016556291390728477,0.0,0.0,0.0,0.0,0.0,0.0,0.0,0.0,0.0,0.0,0.0,0.0033112582781456954,0.0,0.0,0.0,0.006622516556291391,0.0,0.006622516556291391,0.0,0.0016556291390728477,0.006622516556291391,0.0,0.0,0.0,0.0,0.0,0.004966887417218543,0.0,0.0,0.0,0.0,0.0,0.0,0.0,0.0,0.0,0.0016556291390728477,0.0,0.0,0.0,0.0,0.0,0.0033112582781456954,0.0,0.0,0.0,0.0,0.004966887417218543,0.0,0.0,0.0,0.0,0.0,0.0,0.006622516556291391,0.0,0.0016556291390728477,0.0,0.004966887417218543,0.0016556291390728477,0.0,0.0,0.0,0.0,0.0,0.0,0.0,0.0,0.0,0.0,0.009933774834437087,0.004966887417218543,0.0,0.0,0.0,0.0,0.0,0.0016556291390728477,0.0,0.0,0.004966887417218543,0.0,0.0,0.0,0.0,0.0,0.0,0.0,0.0,0.0,0.0,0.0,0.0,0.0,0.019867549668874173,0.006622516556291391,0.011589403973509934,0.0,0.0,0.0016556291390728477,0.0,0.0016556291390728477,0.0,0.0,0.0,0.004966887417218543,0.0,0.0,0.0033112582781456954,0.0,0.0,0.0,0.0,0.0016556291390728477,0.0,0.02152317880794702,0.009933774834437087,0.0,0.0,0.0,0.0,0.0,0.006622516556291391,0.0,0.0,0.0,0.0,0.0,0.0,0.0,0.0,0.0016556291390728477,0.0,0.0016556291390728477,0.0,0.0,0.0,0.0,0.0,0.0,0.0,0.0,0.0,0.0016556291390728477,0.0,0.0016556291390728477,0.0,0.0,0.0,0.0,0.0,0.0016556291390728477,0.0,0.0,0.0016556291390728477,0.0,0.0,0.0,0.0,0.0,0.0,0.0,0.0,0.0,0.004966887417218543,0.0016556291390728477,0.0,0.0,0.0,0.004966887417218543,0.0,0.0,0.0,0.0,0.0016556291390728477,0.0,0.0,0.0,0.0,0.0,0.0,0.0033112582781456954,0.0,0.0,0.0016556291390728477,0.0,0.0,0.0,0.009933774834437087,0.0033112582781456954,0.0,0.004966887417218543,0.0,0.0,0.687,0.71,-5.84,0.0522,3.71e-06,0.0689
0.0019455252918287938,0.0,0.0,0.0,0.0019455252918287938,0.0,0.0019455252918287938,0.0,0.0019455252918287938,0.0,0.0,0.0,0.0,0.0,0.0,0.0,0.0,0.0,0.0,0.0,0.0,0.0,0.0,0.0,0.0,0.0,0.0,0.0,0.0,0.0,0.0,0.0,0.0,0.0,0.0,0.0,0.0,0.0,0.0,0.0,0.0,0.0,0.0,0.0,0.0,0.0,0.0,0.0,0.0,0.0,0.0,0.0019455252918287938,0.0,0.0,0.0,0.0038910505836575876,0.0,0.0,0.0,0.0,0.0,0.0,0.0,0.0,0.0,0.0,0.0,0.0,0.0,0.0,0.0,0.0,0.0,0.0,0.02529182879377432,0.0,0.0,0.0,0.0,0.0,0.0,0.0,0.0,0.0,0.0019455252918287938,0.0,0.0,0.0,0.0,0.0,0.0,0.0,0.0,0.0,0.0,0.0,0.0019455252918287938,0.0,0.02529182879377432,0.009727626459143969,0.017509727626459144,0.0,0.0,0.0019455252918287938,0.0,0.005836575875486381,0.0,0.0,0.0,0.0,0.0,0.0,0.0,0.0,0.0,0.0,0.0,0.0,0.0,0.02529182879377432,0.009727626459143969,0.0,0.0,0.0,0.0,0.0,0.0038910505836575876,0.0,0.0,0.0,0.0,0.0,0.0,0.0,0.0,0.0,0.0,0.0,0.0,0.0,0.0,0.0,0.0019455252918287938,0.02529182879377432,0.0,0.0,0.0,0.0,0.0,0.0,0.0,0.0,0.0,0.0,0.0,0.0019455252918287938,0.0,0.0,0.0,0.0,0.0,0.0,0.0,0.0,0.0,0.0,0.0,0.0,0.0,0.0,0.0,0.0,0.0,0.0038910505836575876,0.0,0.0019455252918287938,0.0,0.0,0.0019455252918287938,0.0,0.0,0.0,0.0,0.0,0.0,0.0,0.0,0.0,0.0038910505836575876,0.0,0.0,0.0,0.0038910505836575876,0.0,0.0,0.0,0.0,0.0,0.803,0.454,-4.802,0.0294,0.0,0.0655
0.0012987012987012987,0.0,0.0,0.0,0.0012987012987012987,0.0,0.005194805194805195,0.0012987012987012987,0.02077922077922078,0.0,0.0,0.0,0.0,0.0,0.0,0.0012987012987012987,0.0,0.0,0.0,0.0,0.0,0.0012987012987012987,0.0,0.0,0.0012987012987012987,0.0,0.0,0.0,0.0,0.0,0.0,0.0,0.0,0.0,0.0,0.0,0.0,0.0,0.0,0.005194805194805195,0.0,0.0,0.0,0.005194805194805195,0.0,0.0,0.0,0.0,0.0,0.0,0.0,0.011688311688311689,0.0,0.0,0.0,0.0,0.0,0.0,0.0,0.0,0.00909090909090909,0.0,0.0,0.011688311688311689,0.0,0.0,0.0,0.0,0.0,0.0,0.0,0.0,0.0,0.0,0.0,0.01038961038961039,0.0,0.0,0.0,0.0,0.0,0.0,0.0,0.0,0.007792207792207792,0.0,0.0,0.0,0.0,0.0025974025974025974,0.0,0.0,0.0,0.0,0.0,0.0,0.0012987012987012987,0.0,0.0012987012987012987,0.0,0.0,0.0,0.0,0.01948051948051948,0.0,0.0025974025974025974,0.0,0.0,0.0,0.0,0.005194805194805195,0.0,0.0,0.0,0.0,0.0,0.0,0.0,0.005194805194805195,0.0012987012987012987,0.0,0.0,0.0,0.0,0.0,0.0,0.0,0.0,0.0,0.0,0.0,0.0,0.0,0.00909090909090909,0.0,0.0,0.0,0.012987012987012988,0.0,0.0,0.0,0.0,0.0,0.0,0.0,0.0,0.0,0.0012987012987012987,0.0,0.0,0.0,0.0,0.0,0.0,0.0,0.0012987012987012987,0.0,0.0,0.0,0.0,0.0,0.0,0.0,0.0,0.0,0.0,0.0,0.0,0.0012987012987012987,0.0,0.0,0.0,0.0,0.011688311688311689,0.0,0.0,0.0,0.0,0.011688311688311689,0.0,0.0,0.0,0.0,0.011688311688311689,0.005194805194805195,0.012987012987012988,0.0,0.0,0.0,0.0012987012987012987,0.0,0.0,0.01948051948051948,0.0,0.0,0.0,0.0,0.0,0.775,0.731,-5.446,0.134,0.0,0.129
0.0,0.0,0.022222222222222223,0.0,0.0,0.0024691358024691358,0.0,0.0,0.0,0.0024691358024691358,0.0,0.0,0.0,0.0,0.0,0.0024691358024691358,0.0,0.0,0.007407407407407408,0.014814814814814815,0.0,0.0,0.0,0.0,0.0,0.0,0.0,0.0,0.0024691358024691358,0.0,0.0024691358024691358,0.0,0.0,0.0,0.0024691358024691358,0.0,0.0,0.0,0.0,0.0,0.0,0.0049382716049382715,0.0,0.0,0.0,0.0,0.0049382716049382715,0.0,0.014814814814814815,0.0,0.0,0.0,0.0,0.0,0.0024691358024691358,0.0,0.0,0.0049382716049382715,0.0,0.0,0.0,0.0,0.0,0.009876543209876543,0.0,0.0,0.0,0.0,0.0,0.0,0.0024691358024691358,0.0,0.0,0.0,0.0,0.009876543209876543,0.0,0.0,0.0,0.0,0.0,0.0,0.0,0.0,0.0,0.0,0.0,0.0,0.0,0.0049382716049382715,0.0,0.0,0.0,0.0,0.0,0.0,0.0,0.0,0.007407407407407408,0.0049382716049382715,0.0024691358024691358,0.0,0.0024691358024691358,0.0,0.0,0.0049382716049382715,0.0,0.0,0.0,0.0,0.0,0.0,0.01728395061728395,0.0,0.0,0.0049382716049382715,0.0,0.0,0.0,0.0024691358024691358,0.007407407407407408,0.0,0.0024691358024691358,0.0,0.0,0.0,0.0,0.0,0.0,0.0,0.0,0.0,0.0,0.0,0.007407407407407408,0.0,0.0,0.027160493827160494,0.0,0.0,0.0024691358024691358,0.0,0.0,0.0,0.0024691358024691358,0.0,0.0,0.0024691358024691358,0.0024691358024691358,0.0,0.0,0.0,0.0,0.0024691358024691358,0.0,0.0049382716049382715,0.0,0.0,0.0,0.0,0.0,0.0,0.0,0.0,0.0024691358024691358,0.0,0.0,0.0,0.0024691358024691358,0.0,0.0,0.0,0.0,0.009876543209876543,0.0,0.0,0.0,0.0,0.024691358024691357,0.0,0.0,0.0,0.0,0.03209876543209877,0.0,0.019753086419753086,0.0,0.0,0.0,0.0,0.0049382716049382715,0.0,0.0,0.012345679012345678,0.0,0.0,0.0,0.0,0.487,0.9,-4.417,0.0482,0.0,0.358
0.0012077294685990338,0.0,0.0024154589371980675,0.0,0.0012077294685990338,0.0,0.0024154589371980675,0.0012077294685990338,0.0024154589371980675,0.0,0.0,0.0,0.0,0.0,0.0,0.0012077294685990338,0.0036231884057971015,0.0,0.0012077294685990338,0.008454106280193236,0.0,0.0012077294685990338,0.0,0.0012077294685990338,0.0024154589371980675,0.0,0.0,0.0,0.0,0.0012077294685990338,0.0,0.0,0.0,0.0,0.0,0.0,0.0,0.0,0.0,0.0024154589371980675,0.0,0.014492753623188406,0.0,0.0036231884057971015,0.0,0.0,0.0012077294685990338,0.0,0.0012077294685990338,0.0,0.0,0.0,0.0,0.0,0.0,0.0012077294685990338,0.0,0.0,0.0,0.0,0.0012077294685990338,0.0024154589371980675,0.0,0.004830917874396135,0.0,0.0,0.0,0.0,0.0,0.0,0.0,0.0,0.0,0.0,0.04830917874396135,0.0036231884057971015,0.0,0.0,0.0,0.0,0.0,0.0,0.0,0.0,0.0,0.0,0.0012077294685990338,0.0024154589371980675,0.0,0.006038647342995169,0.0,0.0,0.0,0.0,0.0,0.0,0.0024154589371980675,0.0,0.006038647342995169,0.004830917874396135,0.004830917874396135,0.0,0.0,0.0,0.0,0.014492753623188406,0.0012077294685990338,0.0012077294685990338,0.0,0.004830917874396135,0.0,0.0,0.0024154589371980675,0.0,0.0,0.0,0.0,0.0024154589371980675,0.0,0.00966183574879227,0.004830917874396135,0.0,0.0,0.0,0.0,0.0,0.0024154589371980675,0.0,0.0012077294685990338,0.0024154589371980675,0.0,0.0,0.0,0.0,0.0024154589371980675,0.0,0.0,0.006038647342995169,0.0,0.0024154589371980675,0.0,0.0,0.0,0.0024154589371980675,0.0012077294685990338,0.0,0.0,0.0024154589371980675,0.0,0.0,0.0,0.0,0.0,0.0024154589371980675,0.0,0.0012077294685990338,0.0,0.0012077294685990338,0.0024154589371980675,0.0,0.0,0.0,0.0012077294685990338,0.0,0.0,0.0,0.0,0.0,0.007246376811594203,0.0,0.0,0.0,0.0,0.007246376811594203,0.0,0.0,0.0,0.0,0.01932367149758454,0.0,0.0,0.0,0.0,0.004830917874396135,0.0,0.004830917874396135,0.0,0.0,0.0024154589371980675,0.0024154589371980675,0.0,0.0,0.0012077294685990338,0.0,0.0,0.0,0.0,0.0,0.846,0.482,-6.721,0.129,0.0,0.393
0.001122334455667789,0.0,0.0,0.0,0.001122334455667789,0.0,0.008978675645342313,0.001122334455667789,0.0,0.0,0.001122334455667789,0.0,0.0,0.001122334455667789,0.0,0.0,0.0,0.0,0.010101010101010102,0.0,0.0,0.001122334455667789,0.0,0.0,0.0,0.0,0.001122334455667789,0.0,0.0,0.0,0.001122334455667789,0.0,0.001122334455667789,0.0,0.0,0.0,0.0,0.0,0.0,0.0,0.0,0.0,0.0,0.008978675645342313,0.0,0.0,0.0,0.0,0.013468013468013467,0.0,0.0,0.0,0.0,0.0,0.0,0.0,0.0,0.001122334455667789,0.0,0.0,0.013468013468013467,0.01122334455667789,0.0,0.001122334455667789,0.0,0.0,0.0,0.010101010101010102,0.0,0.001122334455667789,0.001122334455667789,0.0,0.0,0.0,0.004489337822671156,0.003367003367003367,0.0,0.001122334455667789,0.0,0.0,0.0,0.0,0.001122334455667789,0.001122334455667789,0.0,0.0,0.0,0.0,0.0,0.0,0.0,0.0,0.0,0.0,0.0,0.0,0.0,0.0,0.002244668911335578,0.0,0.001122334455667789,0.001122334455667789,0.0,0.0,0.0,0.001122334455667789,0.0,0.0,0.0,0.0,0.001122334455667789,0.0,0.001122334455667789,0.0,0.0,0.001122334455667789,0.0,0.0,0.0,0.001122334455667789,0.001122334455667789,0.0,0.0,0.0,0.0,0.0,0.0,0.001122334455667789,0.0,0.0,0.0,0.0,0.0,0.012345679012345678,0.0,0.0,0.0,0.0,0.001122334455667789,0.0,0.0,0.0,0.0,0.0,0.0,0.0,0.0,0.0,0.0,0.0,0.0,0.0,0.0,0.001122334455667789,0.0,0.002244668911335578,0.0,0.0,0.0,0.0,0.0,0.0,0.0,0.0,0.001122334455667789,0.0,0.0,0.001122334455667789,0.001122334455667789,0.0,0.0,0.0,0.0,0.012345679012345678,0.0,0.0,0.001122334455667789,0.0,0.001122334455667789,0.0,0.001122334455667789,0.001122334455667789,0.0,0.001122334455667789,0.0,0.001122334455667789,0.0,0.0,0.001122334455667789,0.0,0.001122334455667789,0.0,0.001122334455667789,0.001122334455667789,0.0,0.0,0.0,0.0,0.705,0.796,-6.845,0.267,0.0,0.388
0.0,0.0,0.029946524064171122,0.0,0.0053475935828877,0.013903743315508022,0.0032085561497326204,0.0,0.0,0.0,0.0,0.0,0.0,0.0,0.0,0.038502673796791446,0.0032085561497326204,0.0,0.0053475935828877,0.019251336898395723,0.0,0.0,0.0,0.0010695187165775401,0.0,0.0,0.0,0.0,0.0,0.006417112299465241,0.0,0.0,0.0,0.0,0.0,0.0,0.0,0.0,0.0,0.0,0.0,0.011764705882352941,0.0,0.0053475935828877,0.0,0.0,0.0032085561497326204,0.0,0.0,0.0,0.0,0.0021390374331550803,0.0,0.0,0.013903743315508022,0.0,0.0010695187165775401,0.0,0.0,0.0,0.0074866310160427805,0.006417112299465241,0.0,0.017112299465240642,0.0,0.0,0.0,0.0010695187165775401,0.0,0.0,0.0,0.0,0.0010695187165775401,0.0,0.0053475935828877,0.0,0.0010695187165775401,0.0,0.0,0.0,0.0,0.0,0.023529411764705882,0.0,0.0021390374331550803,0.0,0.0,0.03208556149732621,0.0,0.0,0.0,0.0,0.0,0.0,0.0,0.0,0.0,0.0,0.0021390374331550803,0.0021390374331550803,0.0010695187165775401,0.0,0.0010695187165775401,0.0,0.0,0.011764705882352941,0.0,0.0,0.0,0.0,0.0,0.0,0.0042780748663101605,0.0010695187165775401,0.0,0.0021390374331550803,0.0,0.0010695187165775401,0.0,0.0074866310160427805,0.0021390374331550803,0.023529411764705882,0.0,0.0,0.0042780748663101605,0.0,0.0010695187165775401,0.0,0.0010695187165775401,0.0,0.0,0.0,0.0,0.006417112299465241,0.0032085561497326204,0.0,0.0042780748663101605,0.017112299465240642,0.0,0.03208556149732621,0.0,0.0,0.0,0.026737967914438502,0.0010695187165775401,0.0,0.0,0.0,0.0,0.0,0.0,0.0,0.0010695187165775401,0.0010695187165775401,0.0010695187165775401,0.0010695187165775401,0.0,0.0,0.0,0.0,0.0,0.0,0.006417112299465241,0.0,0.0,0.0,0.0,0.0,0.0,0.0,0.0,0.0,0.0,0.006417112299465241,0.0010695187165775401,0.0,0.0,0.0,0.029946524064171122,0.0,0.0,0.0,0.0,0.019251336898395723,0.0,0.028877005347593583,0.0,0.0032085561497326204,0.0010695187165775401,0.0,0.0,0.0,0.0021390374331550803,0.0010695187165775401,0.0,0.0,0.0,0.0,0.771,0.685,-4.639,0.0567,0.00157,0.0537
0.002770083102493075,0.0,0.002770083102493075,0.00554016620498615,0.0,0.002770083102493075,0.0,0.0,0.036011080332409975,0.0110803324099723,0.0,0.0,0.002770083102493075,0.0,0.0,0.002770083102493075,0.002770083102493075,0.0,0.0,0.0,0.0,0.0,0.0,0.0110803324099723,0.0110803324099723,0.002770083102493075,0.0,0.0,0.0,0.0,0.0,0.002770083102493075,0.00554016620498615,0.0,0.0,0.0,0.0,0.024930747922437674,0.0,0.0,0.00554016620498615,0.0,0.0,0.0,0.0,0.002770083102493075,0.0,0.0,0.002770083102493075,0.0,0.0,0.002770083102493075,0.0,0.002770083102493075,0.0,0.0,0.0,0.0,0.0,0.0,0.00554016620498615,0.002770083102493075,0.0,0.0,0.0,0.0,0.0,0.0,0.0,0.0,0.0,0.0,0.0,0.0,0.00554016620498615,0.0110803324099723,0.0,0.0,0.002770083102493075,0.0,0.0,0.024930747922437674,0.0,0.0,0.0,0.0,0.0,0.0,0.002770083102493075,0.0110803324099723,0.0,0.0,0.0,0.0,0.0,0.0,0.01662049861495845,0.0,0.0221606648199446,0.002770083102493075,0.024930747922437674,0.0,0.0,0.024930747922437674,0.0,0.00554016620498615,0.0,0.0110803324099723,0.0,0.0,0.013850415512465374,0.0,0.002770083102493075,0.0,0.0,0.002770083102493075,0.0,0.0,0.0,0.027700831024930747,0.0,0.0,0.002770083102493075,0.0,0.0,0.0,0.0,0.0,0.0,0.0,0.0,0.0,0.0,0.002770083102493075,0.0,0.00554016620498615,0.024930747922437674,0.002770083102493075,0.0,0.002770083102493075,0.0,0.0,0.002770083102493075,0.002770083102493075,0.0,0.0,0.002770083102493075,0.0110803324099723,0.0,0.00554016620498615,0.0,0.002770083102493075,0.0,0.0,0.002770083102493075,0.002770083102493075,0.002770083102493075,0.0,0.0,0.00554016620498615,0.002770083102493075,0.0,0.0,0.0,0.0,0.0,0.00554016620498615,0.0,0.0110803324099723,0.0,0.0,0.0,0.0,0.019390581717451522,0.024930747922437674,0.0,0.002770083102493075,0.0,0.00554016620498615,0.002770083102493075,0.002770083102493075,0.0,0.024930747922437674,0.0,0.0,0.002770083102493075,0.0,0.0,0.00554016620498615,0.0110803324099723,0.0,0.0,0.00554016620498615,0.0,0.0,0.0,0.0,0.0,0.717,0.733,-4.985,0.0427,0.0,0.136
0.004310344827586207,0.0014367816091954023,0.0028735632183908046,0.0,0.0,0.0,0.0,0.0028735632183908046,0.0028735632183908046,0.007183908045977011,0.0,0.004310344827586207,0.0,0.0028735632183908046,0.0,0.0028735632183908046,0.0,0.0028735632183908046,0.0014367816091954023,0.0014367816091954023,0.0,0.0014367816091954023,0.0,0.0,0.0014367816091954023,0.0014367816091954023,0.0,0.0014367816091954023,0.0,0.0,0.0014367816091954023,0.0,0.0,0.0,0.0,0.0014367816091954023,0.0,0.0,0.0,0.0,0.0,0.0,0.004310344827586207,0.0,0.0014367816091954023,0.0,0.0,0.0,0.0014367816091954023,0.0,0.0,0.011494252873563218,0.0,0.0,0.0,0.0014367816091954023,0.0014367816091954023,0.0,0.0014367816091954023,0.0,0.0,0.0014367816091954023,0.0,0.0014367816091954023,0.0,0.0,0.0014367816091954023,0.0,0.0014367816091954023,0.0,0.0,0.0,0.0014367816091954023,0.0,0.007183908045977011,0.0028735632183908046,0.0,0.0,0.0,0.0,0.008620689655172414,0.0,0.0028735632183908046,0.004310344827586207,0.0028735632183908046,0.0,0.0,0.0,0.0,0.0028735632183908046,0.0014367816091954023,0.0,0.0,0.0,0.0,0.0,0.01293103448275862,0.0,0.005747126436781609,0.0028735632183908046,0.0,0.0014367816091954023,0.0,0.0014367816091954023,0.0,0.014367816091954023,0.0014367816091954023,0.0014367816091954023,0.0,0.0,0.0014367816091954023,0.0,0.007183908045977011,0.0,0.0014367816091954023,0.0,0.0,0.0014367816091954023,0.0028735632183908046,0.005747126436781609,0.004310344827586207,0.0,0.0,0.0028735632183908046,0.0,0.0,0.0028735632183908046,0.0,0.0028735632183908046,0.0014367816091954023,0.0,0.0028735632183908046,0.0,0.0,0.0,0.0,0.0,0.004310344827586207,0.0014367816091954023,0.0014367816091954023,0.0,0.0,0.011494252873563218,0.0014367816091954023,0.0,0.0,0.0,0.0028735632183908046,0.0014367816091954023,0.0,0.0028735632183908046,0.0,0.0,0.0,0.0,0.005747126436781609,0.0,0.0,0.0028735632183908046,0.0014367816091954023,0.0,0.0,0.0,0.0014367816091954023,0.0,0.0,0.0,0.0,0.0014367816091954023,0.0,0.0,0.0,0.0,0.01867816091954023,0.0,0.0,0.0014367816091954023,0.0,0.01293103448275862,0.0,0.0014367816091954023,0.0014367816091954023,0.0,0.0,0.0,0.007183908045977011,0.0,0.0,0.0014367816091954023,0.0014367816091954023,0.0,0.0,0.021551724137931036,0.0014367816091954023,0.0,0.0,0.0,0.0014367816091954023,0.835,0.687,-3.18,0.184,0.0,0.132
0.0,0.0,0.0,0.0,0.0,0.04519774011299435,0.0,0.0,0.0,0.0,0.0,0.0,0.0,0.0,0.0,0.05084745762711865,0.0,0.0,0.0,0.005649717514124294,0.0,0.0,0.0,0.0,0.0,0.0,0.0,0.0,0.0,0.0,0.0,0.0,0.0,0.0,0.0,0.0,0.0,0.002824858757062147,0.0,0.0,0.0,0.0,0.002824858757062147,0.0,0.0,0.0,0.0,0.0,0.002824858757062147,0.0,0.0,0.011299435028248588,0.0,0.0,0.0480225988700565,0.0,0.002824858757062147,0.0,0.0,0.0,0.002824858757062147,0.0,0.0,0.011299435028248588,0.0,0.0,0.0,0.0,0.0,0.0,0.0,0.0,0.0,0.0,0.0,0.0,0.0,0.0,0.0,0.0,0.0,0.002824858757062147,0.0,0.0,0.0,0.002824858757062147,0.002824858757062147,0.0,0.0,0.0,0.0,0.0,0.0,0.0,0.002824858757062147,0.0,0.011299435028248588,0.0,0.002824858757062147,0.0,0.002824858757062147,0.0,0.002824858757062147,0.0,0.0,0.005649717514124294,0.0,0.0,0.0,0.0,0.0,0.0,0.0,0.0,0.0,0.0,0.0,0.0,0.0,0.002824858757062147,0.0,0.0,0.0,0.0,0.0,0.0,0.0,0.0,0.0,0.0,0.0,0.0,0.0,0.0,0.0,0.0,0.0,0.014124293785310734,0.0,0.0,0.0,0.0,0.011299435028248588,0.0,0.0,0.0,0.0,0.0,0.0,0.0,0.0,0.0,0.0,0.0,0.0,0.014124293785310734,0.0,0.0,0.002824858757062147,0.0,0.0,0.0,0.0,0.0,0.0,0.0,0.0,0.0,0.0,0.0,0.0,0.0,0.0,0.005649717514124294,0.002824858757062147,0.0,0.0,0.0,0.022598870056497175,0.0,0.0,0.0,0.0,0.00847457627118644,0.0,0.06779661016949153,0.0,0.0,0.002824858757062147,0.0,0.0,0.0,0.011299435028248588,0.0,0.0,0.0,0.0,0.0,0.728,0.801,-3.636,0.0752,0.000195,0.0907
0.011142061281337047,0.0,0.0,0.0,0.0,0.0,0.002785515320334262,0.0,0.005571030640668524,0.005571030640668524,0.002785515320334262,0.0,0.0,0.0,0.0,0.002785515320334262,0.0,0.0,0.002785515320334262,0.0,0.0,0.0,0.0,0.0,0.0,0.0,0.0,0.0,0.0,0.0,0.005571030640668524,0.0,0.0,0.0,0.0,0.002785515320334262,0.002785515320334262,0.002785515320334262,0.0,0.002785515320334262,0.0,0.0,0.002785515320334262,0.002785515320334262,0.0,0.0,0.0,0.0,0.0,0.0,0.002785515320334262,0.0,0.0,0.0,0.002785515320334262,0.0,0.0,0.0,0.0,0.0,0.0,0.0,0.0,0.016713091922005572,0.0,0.0,0.0,0.0,0.0,0.0,0.0,0.0,0.0,0.0,0.0,0.005571030640668524,0.0,0.0,0.0,0.0,0.0,0.002785515320334262,0.002785515320334262,0.0,0.002785515320334262,0.002785515320334262,0.0,0.002785515320334262,0.0,0.0,0.0,0.0,0.0,0.0,0.002785515320334262,0.0,0.002785515320334262,0.0,0.002785515320334262,0.0,0.0,0.0,0.0,0.005571030640668524,0.0,0.002785515320334262,0.0,0.005571030640668524,0.0,0.0,0.0,0.002785515320334262,0.0,0.0,0.0,0.0,0.0,0.0,0.0,0.005571030640668524,0.002785515320334262,0.0,0.0,0.0,0.0,0.0,0.005571030640668524,0.0,0.0,0.0,0.0,0.0,0.0,0.002785515320334262,0.0,0.0,0.0,0.013927576601671309,0.011142061281337047,0.0,0.002785515320334262,0.0,0.002785515320334262,0.0,0.0,0.0,0.0,0.0,0.005571030640668524,0.0,0.0,0.0,0.0,0.0,0.0,0.005571030640668524,0.0,0.0,0.0,0.002785515320334262,0.0,0.0,0.0,0.0,0.0,0.0,0.0,0.0,0.0,0.002785515320334262,0.0,0.0,0.0,0.002785515320334262,0.0,0.002785515320334262,0.0,0.0,0.016713091922005572,0.0,0.0,0.0,0.0,0.013927576601671309,0.0,0.013927576601671309,0.0,0.0,0.002785515320334262,0.0,0.002785515320334262,0.0,0.016713091922005572,0.0,0.0,0.0,0.0,0.0,0.571,0.89,-1.6,0.0395,0.0,0.0769
0.0,0.0070052539404553416,0.014010507880910683,0.0,0.0,0.0017513134851138354,0.0017513134851138354,0.0,0.0,0.0,0.0035026269702276708,0.0,0.0,0.0,0.0,0.014010507880910683,0.0,0.0,0.0,0.0017513134851138354,0.0,0.0,0.0,0.0017513134851138354,0.0035026269702276708,0.0,0.0,0.0,0.0,0.0,0.0,0.0,0.0,0.0,0.0070052539404553416,0.0,0.0,0.0,0.0,0.0,0.0,0.0,0.0,0.0017513134851138354,0.0,0.0,0.012259194395796848,0.0,0.0035026269702276708,0.0,0.0,0.0070052539404553416,0.0,0.0017513134851138354,0.010507880910683012,0.0,0.0017513134851138354,0.0017513134851138354,0.0,0.0,0.0,0.0035026269702276708,0.0,0.005253940455341506,0.0,0.0,0.0,0.0,0.0,0.0,0.0,0.0,0.0,0.0,0.017513134851138354,0.0035026269702276708,0.005253940455341506,0.0,0.0,0.0,0.0,0.0,0.0,0.0,0.0,0.0,0.0,0.010507880910683012,0.0,0.0017513134851138354,0.0,0.0,0.0,0.0,0.0,0.0,0.0070052539404553416,0.0,0.008756567425569177,0.005253940455341506,0.005253940455341506,0.0,0.0,0.0,0.0,0.0017513134851138354,0.0,0.0,0.0,0.0,0.0,0.0,0.012259194395796848,0.0,0.0,0.0035026269702276708,0.0,0.0035026269702276708,0.0,0.021015761821366025,0.0035026269702276708,0.0,0.0,0.0,0.0,0.0,0.0017513134851138354,0.0,0.0017513134851138354,0.0,0.0,0.0,0.0,0.0,0.0,0.0,0.0,0.008756567425569177,0.0,0.012259194395796848,0.0,0.0,0.0070052539404553416,0.008756567425569177,0.0,0.0,0.0,0.0017513134851138354,0.0,0.0,0.0,0.0,0.0,0.0,0.0,0.0017513134851138354,0.0,0.0,0.0035026269702276708,0.0,0.0,0.0017513134851138354,0.0,0.0,0.0,0.0,0.0,0.0,0.0017513134851138354,0.0,0.0017513134851138354,0.0,0.0,0.0070052539404553416,0.0,0.0,0.0,0.0,0.008756567425569177,0.0,0.0,0.0,0.0,0.0017513134851138354,0.0,0.010507880910683012,0.0,0.0,0.0035026269702276708,0.0,0.0,0.0,0.014010507880910683,0.0017513134851138354,0.0,0.0,0.0,0.0,0.536,0.612,-5.847,0.272,0.0,0.209
0.0,0.0,0.005037783375314861,0.0,0.0,0.0025188916876574307,0.0,0.0,0.0,0.0,0.0,0.0,0.0,0.0,0.0,0.0025188916876574307,0.0,0.0,0.005037783375314861,0.005037783375314861,0.0,0.0,0.0,0.0,0.0,0.0,0.0,0.0,0.0,0.0,0.0,0.0,0.0,0.0,0.0,0.0,0.0,0.005037783375314861,0.0,0.0,0.0,0.0,0.0,0.0,0.0,0.0,0.005037783375314861,0.0,0.0,0.0,0.0,0.0025188916876574307,0.0,0.0,0.007556675062972292,0.0,0.0,0.0,0.0,0.0,0.0,0.0025188916876574307,0.0,0.0025188916876574307,0.0,0.0,0.0,0.0,0.0,0.0,0.0,0.0,0.0,0.0,0.0,0.0,0.0025188916876574307,0.0,0.0,0.0,0.0,0.010075566750629723,0.0,0.0,0.0,0.0,0.0,0.0,0.0025188916876574307,0.0,0.0,0.0,0.0,0.0,0.010075566750629723,0.0,0.0,0.0,0.0,0.007556675062972292,0.0,0.0,0.0,0.0,0.0,0.0,0.0,0.0,0.0,0.0,0.0,0.0025188916876574307,0.010075566750629723,0.007556675062972292,0.0,0.0,0.0,0.0,0.0,0.0,0.010075566750629723,0.0,0.0,0.0,0.0,0.007556675062972292,0.0,0.0,0.0025188916876574307,0.0,0.015113350125944584,0.0,0.0,0.0,0.007556675062972292,0.0,0.0,0.0,0.0,0.007556675062972292,0.0,0.0,0.0,0.0025188916876574307,0.0,0.0,0.0,0.0,0.0,0.0,0.0,0.0,0.015113350125944584,0.0,0.0025188916876574307,0.0025188916876574307,0.0,0.0,0.0025188916876574307,0.0,0.0,0.0,0.0,0.0,0.0,0.0,0.0,0.0025188916876574307,0.0,0.0,0.0,0.0,0.0,0.0,0.0,0.0,0.0,0.0,0.0025188916876574307,0.0,0.0,0.0,0.0,0.0,0.0,0.0,0.0,0.015113350125944584,0.0,0.0,0.0,0.0,0.0,0.010075566750629723,0.0,0.0,0.0,0.0,0.659,0.869,-5.858,0.046,0.0,0.302
0.0,0.004005340453938585,0.0013351134846461949,0.0013351134846461949,0.0013351134846461949,0.0,0.0,0.0,0.0053404539385847796,0.0,0.0,0.0,0.0013351134846461949,0.0,0.0,0.0,0.0,0.0,0.004005340453938585,0.01335113484646195,0.0,0.0,0.0,0.0,0.0,0.0,0.0,0.0,0.0,0.0026702269692923898,0.0,0.0,0.0,0.0,0.0013351134846461949,0.004005340453938585,0.0,0.0,0.0013351134846461949,0.0,0.0,0.0,0.0,0.0,0.0,0.0,0.0,0.0,0.0026702269692923898,0.0,0.0053404539385847796,0.0,0.0,0.0013351134846461949,0.0,0.0013351134846461949,0.0,0.0,0.0,0.0,0.0026702269692923898,0.0,0.0013351134846461949,0.0013351134846461949,0.0013351134846461949,0.0,0.0013351134846461949,0.0013351134846461949,0.0,0.0,0.0013351134846461949,0.0013351134846461949,0.0,0.0013351134846461949,0.006675567423230975,0.03337783711615487,0.0013351134846461949,0.0,0.0,0.0,0.0,0.0,0.006675567423230975,0.0,0.0,0.0,0.0,0.0,0.0,0.0,0.0,0.0,0.0,0.0,0.0,0.0,0.0,0.0,0.006675567423230975,0.0013351134846461949,0.004005340453938585,0.0,0.0,0.0053404539385847796,0.0,0.0,0.0,0.0,0.0,0.0,0.0053404539385847796,0.0,0.00801068090787717,0.0,0.0026702269692923898,0.0026702269692923898,0.0,0.0013351134846461949,0.0,0.018691588785046728,0.0026702269692923898,0.0,0.0013351134846461949,0.0,0.0013351134846461949,0.0,0.0026702269692923898,0.0013351134846461949,0.0013351134846461949,0.0013351134846461949,0.0,0.0,0.0,0.009345794392523364,0.0013351134846461949,0.0013351134846461949,0.0013351134846461949,0.0,0.0,0.004005340453938585,0.0,0.0,0.0,0.0,0.0,0.0,0.0,0.0,0.0,0.0013351134846461949,0.0,0.0,0.0,0.0013351134846461949,0.0,0.0026702269692923898,0.0013351134846461949,0.0013351134846461949,0.0,0.0,0.0013351134846461949,0.0,0.0,0.0,0.0013351134846461949,0.0,0.0,0.0,0.0013351134846461949,0.0026702269692923898,0.0,0.0013351134846461949,0.0,0.004005340453938585,0.0,0.0013351134846461949,0.0013351134846461949,0.0,0.004005340453938585,0.0026702269692923898,0.0,0.0,0.0,0.0013351134846461949,0.0,0.0,0.0,0.0,0.0,0.0,0.0013351134846461949,0.0,0.012016021361815754,0.0026702269692923898,0.0,0.0013351134846461949,0.0,0.0,0.619,0.87,-4.956,0.501,1.37e-06,0.0571
0.0,0.0,0.0,0.0,0.0,0.0,0.008888888888888889,0.0,0.02666666666666667,0.013333333333333334,0.0,0.0,0.0,0.0,0.0,0.0,0.0,0.0,0.0,0.0,0.0,0.0,0.0,0.0,0.03111111111111111,0.0,0.0,0.0,0.013333333333333334,0.0,0.022222222222222223,0.0,0.0,0.0,0.0,0.0,0.0,0.0,0.0,0.0,0.0,0.0,0.0,0.008888888888888889,0.0,0.0,0.0,0.0,0.0,0.0,0.0,0.008888888888888889,0.0,0.0,0.0,0.0,0.0,0.008888888888888889,0.0,0.0,0.0,0.0,0.0,0.0,0.0,0.0,0.0,0.0,0.0,0.0,0.0,0.0,0.0,0.0,0.008888888888888889,0.02666666666666667,0.0044444444444444444,0.0,0.0,0.008888888888888889,0.0044444444444444444,0.0,0.0,0.008888888888888889,0.0044444444444444444,0.0,0.0,0.0,0.0,0.044444444444444446,0.0,0.0,0.0,0.0,0.0,0.0,0.022222222222222223,0.0,0.0,0.013333333333333334,0.0,0.008888888888888889,0.0,0.013333333333333334,0.0,0.0,0.0,0.0,0.0,0.008888888888888889,0.0,0.0,0.03111111111111111,0.0,0.0,0.0,0.0,0.0,0.0,0.013333333333333334,0.044444444444444446,0.0,0.0,0.0,0.0,0.0,0.013333333333333334,0.0,0.02666666666666667,0.0044444444444444444,0.0,0.0,0.0,0.0,0.0,0.0,0.0,0.0,0.008888888888888889,0.0,0.0044444444444444444,0.008888888888888889,0.008888888888888889,0.0,0.0,0.0,0.008888888888888889,0.035555555555555556,0.0,0.0,0.0,0.0,0.0,0.0,0.0,0.013333333333333334,0.0,0.0044444444444444444,0.008888888888888889,0.0,0.0,0.0,0.0,0.0,0.0,0.0,0.0,0.0,0.044444444444444446,0.0,0.0,0.0,0.0,0.04,0.0044444444444444444,0.0,0.0,0.0,0.0,0.0,0.0,0.0,0.0,0.0,0.0,0.0,0.0,0.0,0.0,0.03111111111111111,0.0,0.0,0.008888888888888889,0.0,0.0,0.0,0.0,0.0,0.624,0.976,-5.355,0.0494,1.18e-05,0.376
0.0,0.0,0.0,0.0,0.0,0.0,0.0,0.0,0.0,0.0,0.0,0.0,0.0,0.0,0.0016891891891891893,0.0033783783783783786,0.0,0.0,0.0,0.0033783783783783786,0.0,0.0,0.0,0.0,0.0,0.0,0.0,0.0,0.0,0.0,0.0,0.0,0.0,0.0,0.0,0.0,0.0,0.0,0.0,0.0,0.0,0.0,0.0,0.0016891891891891893,0.0,0.0,0.0,0.0,0.0,0.0,0.0,0.0033783783783783786,0.0033783783783783786,0.0,0.006756756756756757,0.0,0.005067567567567568,0.0,0.0,0.0,0.0033783783783783786,0.0,0.0,0.005067567567567568,0.0,0.0,0.0,0.0,0.0,0.0,0.0,0.0,0.0,0.0,0.0,0.0,0.0,0.0,0.0,0.0,0.0,0.0,0.0,0.0033783783783783786,0.0016891891891891893,0.0,0.0,0.0,0.0,0.0,0.0,0.0,0.0,0.0,0.0,0.0,0.0033783783783783786,0.0,0.010135135135135136,0.0,0.010135135135135136,0.0,0.0,0.0,0.0,0.006756756756756757,0.0,0.0033783783783783786,0.0,0.0,0.0,0.0,0.0,0.0,0.0,0.0,0.0,0.0,0.0,0.03547297297297297,0.0,0.0,0.0,0.0,0.0,0.0,0.0,0.0,0.0,0.0,0.0,0.0,0.0,0.0,0.0,0.0,0.0,0.005067567567567568,0.0,0.0,0.0,0.0,0.0016891891891891893,0.0033783783783783786,0.0,0.0,0.0016891891891891893,0.0,0.0,0.0,0.0,0.0,0.0,0.0,0.0,0.005067567567567568,0.0,0.0,0.0033783783783783786,0.0,0.0,0.0,0.0,0.0,0.0,0.0,0.0,0.0,0.0,0.0,0.0,0.0,0.0,0.0016891891891891893,0.0,0.0,0.0,0.0,0.006756756756756757,0.0,0.0,0.0,0.0,0.005067567567567568,0.0,0.005067567567567568,0.0,0.0,0.006756756756756757,0.0,0.0,0.0016891891891891893,0.0033783783783783786,0.0,0.0,0.0,0.0,0.0,0.615,0.711,-5.507,0.0779,0.0,0.145
0.002178649237472767,0.0,0.0,0.004357298474945534,0.0,0.0,0.0,0.0,0.0,0.0,0.0,0.0,0.0,0.0,0.0,0.002178649237472767,0.006535947712418301,0.0,0.002178649237472767,0.004357298474945534,0.0,0.0,0.002178649237472767,0.002178649237472767,0.0,0.0,0.0,0.0,0.0,0.008714596949891068,0.0,0.0,0.023965141612200435,0.0,0.0,0.0,0.0,0.0,0.0,0.0,0.004357298474945534,0.0,0.0,0.0,0.0,0.0,0.0,0.0,0.002178649237472767,0.0,0.0,0.0196078431372549,0.004357298474945534,0.0,0.0,0.002178649237472767,0.002178649237472767,0.0,0.0,0.0,0.02178649237472767,0.0,0.002178649237472767,0.010893246187363835,0.0,0.0,0.0,0.0,0.0,0.0,0.0,0.0,0.008714596949891068,0.02178649237472767,0.008714596949891068,0.0,0.0,0.0,0.0,0.0,0.0196078431372549,0.0,0.002178649237472767,0.0,0.0,0.0,0.002178649237472767,0.0,0.0,0.0,0.0,0.0,0.0,0.0,0.0,0.0,0.0196078431372549,0.0,0.002178649237472767,0.002178649237472767,0.0,0.0,0.0,0.0,0.0,0.0,0.0,0.006535947712418301,0.0,0.002178649237472767,0.0,0.0,0.002178649237472767,0.0,0.0,0.002178649237472767,0.0,0.002178649237472767,0.0,0.002178649237472767,0.002178649237472767,0.0,0.0,0.0,0.0,0.0,0.002178649237472767,0.0,0.0,0.0,0.0,0.0,0.0,0.010893246187363835,0.010893246187363835,0.004357298474945534,0.0,0.004357298474945534,0.0,0.004357298474945534,0.0,0.0,0.0196078431372549,0.004357298474945534,0.0,0.0,0.0,0.0,0.0,0.0,0.0,0.0,0.0,0.0,0.0,0.002178649237472767,0.0,0.0,0.006535947712418301,0.0,0.0,0.0,0.0,0.0,0.0,0.0,0.0,0.0,0.0,0.0,0.0,0.0,0.0,0.004357298474945534,0.0,0.0,0.0,0.008714596949891068,0.026143790849673203,0.004357298474945534,0.002178649237472767,0.0,0.0,0.013071895424836602,0.0,0.017429193899782137,0.0,0.0,0.013071895424836602,0.0,0.0,0.0,0.02178649237472767,0.002178649237472767,0.0,0.0,0.0,0.0,0.673,0.683,-5.693,0.115,0.0,0.235
0.0,0.002070393374741201,0.028985507246376812,0.0,0.018633540372670808,0.0,0.004140786749482402,0.0,0.002070393374741201,0.0,0.0,0.0,0.0,0.0,0.004140786749482402,0.0,0.002070393374741201,0.0,0.0,0.002070393374741201,0.0,0.0,0.0,0.0,0.006211180124223602,0.0,0.0,0.0,0.0,0.018633540372670808,0.0,0.0,0.004140786749482402,0.0,0.0,0.0,0.0,0.0,0.0,0.0,0.0,0.0,0.0,0.004140786749482402,0.0,0.0,0.022774327122153208,0.0,0.012422360248447204,0.0,0.0,0.0,0.0,0.0,0.002070393374741201,0.0,0.0,0.0,0.0,0.0,0.0,0.008281573498964804,0.0,0.002070393374741201,0.0,0.0,0.0,0.0,0.0,0.0,0.0,0.0,0.0,0.0,0.010351966873706004,0.012422360248447204,0.0,0.0,0.0,0.0,0.0,0.0,0.014492753623188406,0.0,0.0,0.0,0.0,0.020703933747412008,0.0,0.002070393374741201,0.0,0.0,0.0,0.0,0.0,0.0,0.002070393374741201,0.0,0.002070393374741201,0.004140786749482402,0.0,0.0,0.0,0.0,0.0,0.0,0.0,0.0,0.0,0.020703933747412008,0.0,0.0,0.026915113871635612,0.008281573498964804,0.0,0.012422360248447204,0.0,0.0,0.0,0.0,0.039337474120082816,0.002070393374741201,0.0,0.0,0.0,0.0,0.0,0.0,0.0,0.0,0.002070393374741201,0.0,0.0,0.0,0.0,0.0,0.0,0.002070393374741201,0.0,0.022774327122153208,0.0,0.0,0.0,0.010351966873706004,0.0,0.0,0.0,0.002070393374741201,0.0,0.0,0.0,0.0,0.0,0.002070393374741201,0.008281573498964804,0.004140786749482402,0.0,0.0,0.0,0.0,0.0,0.002070393374741201,0.018633540372670808,0.0,0.0,0.0,0.0,0.0,0.006211180124223602,0.0,0.004140786749482402,0.0,0.0,0.004140786749482402,0.0,0.002070393374741201,0.0,0.0,0.002070393374741201,0.0,0.0,0.0,0.0,0.002070393374741201,0.0,0.012422360248447204,0.0,0.0,0.0,0.002070393374741201,0.0,0.0,0.0,0.039337474120082816,0.0,0.0,0.0,0.0,0.652,0.698,-4.667,0.042,0.000115,0.0886
0.0,0.0,0.0,0.003745318352059925,0.0,0.0,0.011235955056179775,0.011235955056179775,0.003745318352059925,0.0,0.0,0.003745318352059925,0.0,0.0,0.0,0.0,0.00749063670411985,0.0,0.0,0.0,0.018726591760299626,0.0,0.0,0.003745318352059925,0.003745318352059925,0.0,0.0,0.003745318352059925,0.0,0.0,0.00749063670411985,0.0,0.0,0.0,0.0,0.0,0.0,0.0,0.0,0.0,0.0,0.0,0.0,0.0149812734082397,0.0149812734082397,0.0,0.0,0.0,0.0,0.0,0.0,0.0,0.0,0.003745318352059925,0.0,0.0,0.0,0.0,0.0,0.0,0.0,0.003745318352059925,0.0,0.0,0.0,0.0,0.0,0.0,0.0,0.0,0.0,0.0,0.0,0.0,0.0,0.003745318352059925,0.00749063670411985,0.0,0.0,0.0,0.0,0.0,0.0,0.011235955056179775,0.0,0.0,0.0,0.0,0.0,0.011235955056179775,0.0,0.0,0.0,0.0,0.0,0.0,0.003745318352059925,0.0,0.018726591760299626,0.02247191011235955,0.0,0.0,0.0,0.0,0.0,0.0,0.0,0.0,0.0,0.0,0.003745318352059925,0.0,0.018726591760299626,0.003745318352059925,0.0,0.0,0.0,0.0,0.003745318352059925,0.03745318352059925,0.026217228464419477,0.0,0.00749063670411985,0.0,0.011235955056179775,0.0,0.018726591760299626,0.0,0.026217228464419477,0.011235955056179775,0.0,0.0,0.0,0.0,0.0,0.0,0.011235955056179775,0.003745318352059925,0.0,0.0,0.0,0.0,0.0,0.003745318352059925,0.0,0.0,0.0,0.003745318352059925,0.0,0.0,0.0,0.0,0.0,0.003745318352059925,0.003745318352059925,0.003745318352059925,0.0,0.003745318352059925,0.0,0.003745318352059925,0.0,0.0,0.0,0.0,0.0,0.0,0.0,0.0,0.011235955056179775,0.0,0.0,0.0,0.0,0.026217228464419477,0.0,0.0,0.003745318352059925,0.0,0.0,0.0,0.018726591760299626,0.003745318352059925,0.0,0.0,0.0,0.003745318352059925,0.0,0.0,0.003745318352059925,0.003745318352059925,0.018726591760299626,0.0,0.02247191011235955,0.0,0.0,0.0,0.0,0.0,0.423,0.94,-4.012,0.0635,0.0,0.178
0.0019801980198019802,0.0,0.0019801980198019802,0.0039603960396039604,0.0019801980198019802,0.0039603960396039604,0.0,0.0,0.0,0.0,0.0,0.0,0.0,0.0,0.0,0.007920792079207921,0.0019801980198019802,0.0,0.0,0.0,0.0,0.0,0.0,0.0019801980198019802,0.0019801980198019802,0.0,0.0,0.0,0.0,0.0019801980198019802,0.0,0.0,0.0,0.0,0.0019801980198019802,0.0,0.0,0.0,0.0039603960396039604,0.0019801980198019802,0.0,0.0,0.0039603960396039604,0.0019801980198019802,0.0,0.0,0.02574257425742574,0.0,0.0,0.0,0.0,0.0,0.0,0.0,0.0039603960396039604,0.0,0.0,0.0019801980198019802,0.0,0.0,0.0,0.0,0.0,0.0019801980198019802,0.0039603960396039604,0.0,0.0,0.0,0.0,0.0,0.0039603960396039604,0.0,0.0,0.0,0.0,0.015841584158415842,0.0039603960396039604,0.0039603960396039604,0.0,0.0039603960396039604,0.0,0.0,0.0039603960396039604,0.0039603960396039604,0.0,0.0,0.0039603960396039604,0.0,0.0039603960396039604,0.0019801980198019802,0.0,0.0,0.0,0.0,0.0,0.0,0.0,0.0,0.005940594059405941,0.02178217821782178,0.0,0.0,0.0,0.0,0.0,0.0,0.0,0.0,0.0,0.0,0.0,0.0,0.053465346534653464,0.0,0.0,0.0,0.0,0.0019801980198019802,0.0,0.005940594059405941,0.05148514851485148,0.0,0.0019801980198019802,0.0,0.0,0.0,0.0019801980198019802,0.0,0.023762376237623763,0.0039603960396039604,0.0,0.0,0.0,0.0,0.0,0.0,0.0,0.005940594059405941,0.0,0.0,0.0,0.0,0.0,0.0019801980198019802,0.0,0.0,0.0,0.0,0.0,0.0,0.0,0.0,0.0,0.0,0.0,0.0019801980198019802,0.0,0.0039603960396039604,0.0,0.0,0.0,0.0,0.0,0.0,0.0,0.0,0.0,0.0,0.0019801980198019802,0.0,0.0,0.0,0.0,0.0019801980198019802,0.0,0.0039603960396039604,0.0,0.0,0.0039603960396039604,0.0,0.0,0.0,0.0,0.0019801980198019802,0.0039603960396039604,0.005940594059405941,0.0,0.0,0.0019801980198019802,0.0,0.0039603960396039604,0.0,0.01782178217821782,0.04950495049504951,0.0,0.0,0.0,0.0,0.706,0.751,-6.323,0.0708,0.0,0.168
0.0021598272138228943,0.0,0.023758099352051837,0.0,0.0,0.0,0.0,0.0,0.0021598272138228943,0.0021598272138228943,0.0,0.0,0.0,0.0,0.0,0.0021598272138228943,0.02159827213822894,0.0,0.0021598272138228943,0.0,0.0,0.0,0.0,0.0,0.004319654427645789,0.0,0.0,0.0,0.0,0.0064794816414686825,0.0021598272138228943,0.0,0.0,0.0,0.0021598272138228943,0.0,0.0,0.0,0.0,0.0,0.0,0.0,0.0,0.01511879049676026,0.0,0.0,0.023758099352051837,0.0,0.008639308855291577,0.0,0.0,0.01079913606911447,0.0,0.0,0.0021598272138228943,0.0021598272138228943,0.0021598272138228943,0.0021598272138228943,0.0,0.0,0.0021598272138228943,0.004319654427645789,0.0,0.008639308855291577,0.0,0.0,0.0,0.0,0.0,0.0,0.0,0.0,0.0021598272138228943,0.0,0.023758099352051837,0.0021598272138228943,0.0021598272138228943,0.0,0.0,0.0021598272138228943,0.0,0.0,0.0,0.0064794816414686825,0.0,0.0,0.0,0.03023758099352052,0.0,0.004319654427645789,0.0,0.0,0.0,0.0,0.0,0.0,0.0064794816414686825,0.0,0.0,0.0064794816414686825,0.0,0.0021598272138228943,0.0,0.0,0.0,0.0021598272138228943,0.0,0.0,0.0,0.0,0.0,0.0,0.03023758099352052,0.0,0.0,0.0064794816414686825,0.0,0.0021598272138228943,0.0,0.0,0.008639308855291577,0.0,0.0,0.0,0.0021598272138228943,0.0,0.0,0.0,0.004319654427645789,0.0,0.0,0.0,0.0,0.0,0.0,0.0,0.0,0.01079913606911447,0.0021598272138228943,0.032397408207343416,0.0,0.0021598272138228943,0.004319654427645789,0.0,0.0,0.0,0.004319654427645789,0.004319654427645789,0.0,0.0,0.0,0.0,0.0,0.0,0.004319654427645789,0.0021598272138228943,0.0,0.0,0.0,0.0,0.0,0.0,0.0,0.0,0.0,0.0,0.0,0.0,0.004319654427645789,0.004319654427645789,0.0,0.0,0.0,0.0021598272138228943,0.0,0.0,0.0,0.0,0.012958963282937365,0.0,0.0,0.0,0.0,0.004319654427645789,0.0,0.01079913606911447,0.0,0.0,0.004319654427645789,0.004319654427645789,0.0,0.0,0.0064794816414686825,0.0064794816414686825,0.0,0.0,0.0,0.0,0.669,0.822,-4.288,0.043,0.000142,0.231
0.0,0.0,0.0,0.007444168734491315,0.0024813895781637717,0.0,0.004962779156327543,0.004962779156327543,0.0,0.0,0.0,0.0,0.0,0.0,0.0,0.0024813895781637717,0.0024813895781637717,0.0,0.0,0.0,0.0,0.004962779156327543,0.0,0.0,0.0,0.0,0.0,0.0,0.0,0.0024813895781637717,0.0,0.0,0.0024813895781637717,0.0,0.0,0.0,0.0,0.0,0.0,0.0,0.0024813895781637717,0.0024813895781637717,0.0,0.007444168734491315,0.0,0.0,0.0,0.0,0.0,0.0,0.0,0.04466501240694789,0.0,0.0024813895781637717,0.0,0.0,0.0,0.0,0.0,0.0,0.007444168734491315,0.0,0.0,0.0,0.004962779156327543,0.0,0.0,0.0,0.0,0.0,0.0,0.0,0.0,0.0,0.0,0.0024813895781637717,0.0024813895781637717,0.007444168734491315,0.0,0.0,0.0024813895781637717,0.0,0.0,0.0,0.004962779156327543,0.0,0.0,0.0024813895781637717,0.0,0.0024813895781637717,0.0,0.0,0.0,0.0,0.0,0.0,0.04714640198511166,0.0,0.004962779156327543,0.0024813895781637717,0.0,0.0,0.0,0.0,0.0,0.007444168734491315,0.0,0.0,0.0,0.0024813895781637717,0.0,0.0,0.004962779156327543,0.0024813895781637717,0.0,0.0,0.0,0.0,0.0,0.004962779156327543,0.004962779156327543,0.0,0.0024813895781637717,0.0,0.0,0.0,0.0024813895781637717,0.0,0.0,0.0,0.0,0.0,0.0,0.0,0.0,0.004962779156327543,0.0,0.0,0.0,0.0024813895781637717,0.0024813895781637717,0.0,0.04714640198511166,0.007444168734491315,0.0,0.0,0.0024813895781637717,0.0,0.0,0.0024813895781637717,0.0,0.0,0.0,0.0,0.0,0.007444168734491315,0.0,0.0024813895781637717,0.0,0.0,0.0,0.0,0.0024813895781637717,0.0,0.0,0.0,0.0,0.0,0.0024813895781637717,0.0,0.0,0.0,0.0024813895781637717,0.01488833746898263,0.0,0.0,0.0,0.0,0.04714640198511166,0.007444168734491315,0.0,0.0,0.0,0.0,0.0,0.0024813895781637717,0.0,0.0,0.007444168734491315,0.0,0.0,0.0,0.04962779156327544,0.0,0.0,0.0,0.0,0.0,0.829,0.627,-3.928,0.0759,0.0,0.0939
0.0,0.0,0.00273224043715847,0.0,0.0,0.0,0.0,0.0,0.00273224043715847,0.0,0.0,0.0,0.0,0.0,0.0,0.0,0.0,0.0,0.0,0.0,0.00819672131147541,0.0,0.0,0.0,0.00273224043715847,0.0,0.0,0.0,0.00273224043715847,0.0,0.0,0.0,0.0,0.0,0.0,0.0,0.01092896174863388,0.0,0.0,0.0,0.0,0.0,0.0,0.00273224043715847,0.0,0.0,0.00273224043715847,0.0,0.0,0.0,0.0,0.0,0.0,0.0,0.0,0.0,0.0,0.00273224043715847,0.0,0.0,0.0,0.07650273224043716,0.0,0.0,0.0,0.0,0.00273224043715847,0.0,0.0,0.0,0.0,0.0,0.0,0.0,0.01092896174863388,0.00819672131147541,0.00819672131147541,0.00546448087431694,0.0,0.0,0.0,0.0,0.0,0.0,0.0,0.0,0.0,0.0,0.0,0.00273224043715847,0.0,0.0,0.0,0.0,0.0,0.0,0.00273224043715847,0.0,0.0,0.00819672131147541,0.0,0.0,0.0,0.0,0.0,0.0,0.0,0.0,0.0,0.0,0.0,0.0,0.00546448087431694,0.0,0.0,0.0,0.0,0.0,0.0,0.00273224043715847,0.01092896174863388,0.0,0.0,0.0,0.0,0.0,0.00273224043715847,0.0,0.01092896174863388,0.01092896174863388,0.0,0.0,0.0,0.0,0.0,0.0,0.0,0.0,0.0,0.00273224043715847,0.0,0.0,0.0,0.0,0.0,0.0,0.0,0.00273224043715847,0.0,0.0,0.0,0.0,0.0,0.0,0.0,0.00546448087431694,0.0,0.01092896174863388,0.0,0.00273224043715847,0.0,0.0,0.0,0.0,0.00546448087431694,0.0,0.0,0.0,0.00273224043715847,0.0,0.0,0.0,0.0,0.09016393442622951,0.0,0.0,0.0,0.0,0.0,0.0,0.0,0.00546448087431694,0.0,0.0,0.0,0.0,0.0,0.0,0.00819672131147541,0.00273224043715847,0.0,0.0,0.0,0.00273224043715847,0.0,0.0,0.0,0.0,0.709,0.745,-6.437,0.0738,5.2e-05,0.154
0.0,0.0,0.0,0.005908419497784343,0.0,0.0,0.0,0.0,0.0014771048744460858,0.0,0.0,0.0,0.0,0.0,0.0,0.0014771048744460858,0.0,0.0,0.005908419497784343,0.0,0.0,0.0,0.0,0.0,0.0,0.0,0.0,0.0,0.0,0.0,0.0029542097488921715,0.0,0.0,0.0,0.0,0.0,0.0,0.0,0.0,0.0,0.0,0.0,0.0,0.0,0.0,0.0,0.0,0.0,0.0,0.0,0.0,0.0014771048744460858,0.0,0.0,0.004431314623338257,0.0,0.0,0.0,0.0,0.0,0.005908419497784343,0.0,0.0,0.04874446085672083,0.0029542097488921715,0.0,0.0,0.0014771048744460858,0.0,0.0,0.0,0.0,0.0,0.0,0.0014771048744460858,0.0014771048744460858,0.0,0.0029542097488921715,0.0,0.0,0.0,0.0,0.0,0.0,0.0,0.0,0.0,0.0029542097488921715,0.0029542097488921715,0.0014771048744460858,0.0,0.0,0.0,0.0,0.0,0.0,0.0014771048744460858,0.0,0.0029542097488921715,0.0014771048744460858,0.0029542097488921715,0.0,0.0,0.0,0.0,0.0014771048744460858,0.0,0.0,0.0014771048744460858,0.0,0.0,0.0,0.0,0.0,0.0,0.0,0.0,0.0,0.0,0.0029542097488921715,0.0,0.0,0.0014771048744460858,0.0,0.0,0.0,0.0,0.0,0.0,0.004431314623338257,0.0,0.0,0.0,0.0,0.005908419497784343,0.0,0.0,0.05465288035450517,0.0,0.0,0.0,0.0,0.0014771048744460858,0.0014771048744460858,0.0,0.0,0.0,0.0,0.0,0.0,0.0,0.0,0.0,0.0,0.0,0.0014771048744460858,0.0,0.004431314623338257,0.0,0.0,0.0,0.0,0.0,0.0,0.0,0.0,0.0,0.0,0.004431314623338257,0.0,0.0,0.0,0.0,0.0029542097488921715,0.0014771048744460858,0.0,0.0,0.0,0.050221565731166914,0.005908419497784343,0.0,0.0,0.0,0.05465288035450517,0.0,0.04874446085672083,0.0,0.0,0.007385524372230428,0.0,0.0,0.0,0.0029542097488921715,0.0,0.0,0.0,0.0,0.0,0.58,0.75,-4.421,0.194,0.0,0.274
0.0,0.0,0.0,0.02534562211981567,0.0,0.0,0.0,0.0,0.0,0.0,0.0,0.0,0.0,0.0,0.004608294930875576,0.0,0.0,0.004608294930875576,0.0,0.0,0.0,0.0,0.0,0.0,0.0,0.002304147465437788,0.0,0.0,0.0,0.0,0.0,0.0,0.004608294930875576,0.0,0.0,0.0,0.0,0.0,0.0,0.0,0.02534562211981567,0.0,0.0,0.0,0.009216589861751152,0.0,0.0,0.0,0.004608294930875576,0.009216589861751152,0.0,0.0,0.0,0.0,0.0,0.0,0.0,0.0,0.0,0.0,0.002304147465437788,0.004608294930875576,0.0,0.002304147465437788,0.004608294930875576,0.0,0.0,0.0,0.004608294930875576,0.0,0.0,0.0,0.0,0.002304147465437788,0.013824884792626729,0.0,0.0,0.0,0.0,0.0,0.0,0.0,0.0,0.004608294930875576,0.0,0.0,0.0,0.0,0.0,0.004608294930875576,0.004608294930875576,0.0,0.0,0.0,0.0,0.0,0.0,0.004608294930875576,0.0,0.0,0.0,0.0,0.0,0.0,0.0,0.0,0.0,0.0,0.0,0.004608294930875576,0.0,0.002304147465437788,0.0,0.0,0.0,0.0,0.0,0.0,0.0,0.0,0.0,0.0,0.0,0.0,0.004608294930875576,0.0,0.0,0.0,0.0,0.0,0.0,0.0,0.0,0.0,0.0,0.02534562211981567,0.0,0.0,0.0,0.0,0.0,0.0,0.0,0.0,0.0,0.0,0.0,0.0,0.0,0.02534562211981567,0.0,0.002304147465437788,0.0,0.0,0.0,0.002304147465437788,0.009216589861751152,0.0,0.004608294930875576,0.0,0.0,0.0,0.0,0.0,0.0,0.0,0.0,0.004608294930875576,0.004608294930875576,0.0,0.0,0.002304147465437788,0.0,0.009216589861751152,0.0,0.004608294930875576,0.0,0.002304147465437788,0.0,0.0,0.0,0.0,0.0,0.0,0.0,0.0,0.0,0.0,0.0,0.0,0.0,0.0,0.0,0.0,0.0,0.0,0.0,0.0,0.447,0.848,-6.175,0.222,7.45e-05,0.722
0.0,0.0,0.0,0.006514657980456026,0.0,0.0,0.006514657980456026,0.013029315960912053,0.0,0.0,0.0,0.0,0.0,0.0,0.006514657980456026,0.0,0.0,0.006514657980456026,0.0,0.0,0.003257328990228013,0.013029315960912053,0.0,0.0,0.0,0.0,0.0,0.0,0.0,0.0,0.0,0.0,0.0,0.0,0.0,0.0,0.0,0.006514657980456026,0.0,0.0,0.0,0.0,0.0,0.006514657980456026,0.006514657980456026,0.0,0.0,0.0,0.0,0.0,0.0,0.006514657980456026,0.0,0.006514657980456026,0.0,0.0,0.013029315960912053,0.0,0.0,0.0,0.0,0.006514657980456026,0.0,0.0,0.0,0.0,0.0,0.0,0.0,0.0,0.0,0.0,0.0,0.0,0.0,0.006514657980456026,0.0,0.0,0.0,0.006514657980456026,0.0,0.006514657980456026,0.0,0.0,0.0,0.0,0.0,0.0,0.0,0.0,0.0,0.0,0.0,0.0,0.006514657980456026,0.0,0.013029315960912053,0.0,0.0,0.003257328990228013,0.0,0.0,0.0,0.0,0.0,0.0,0.0,0.0,0.0,0.006514657980456026,0.0,0.0,0.0,0.006514657980456026,0.0,0.0,0.0,0.0,0.0,0.0,0.0,0.0,0.006514657980456026,0.0,0.006514657980456026,0.0,0.013029315960912053,0.0,0.0,0.0,0.0,0.0,0.0,0.0,0.0,0.006514657980456026,0.0,0.0,0.0,0.0,0.0,0.0,0.006514657980456026,0.006514657980456026,0.0,0.0,0.0,0.0,0.0,0.006514657980456026,0.0,0.0,0.006514657980456026,0.0,0.006514657980456026,0.009771986970684038,0.0,0.0,0.0,0.006514657980456026,0.0,0.0,0.0,0.0,0.006514657980456026,0.0,0.0,0.0,0.013029315960912053,0.0,0.0,0.0,0.006514657980456026,0.019543973941368076,0.0,0.0,0.0,0.0,0.0,0.006514657980456026,0.0,0.0,0.0,0.0,0.0,0.0,0.0,0.006514657980456026,0.0,0.0,0.0,0.0,0.0,0.0,0.0,0.0,0.0,0.0,0.356,0.924,-3.74,0.0808,0.0,0.0953
0.01509433962264151,0.0,0.0,0.0,0.0,0.018867924528301886,0.0,0.0,0.0,0.0,0.007547169811320755,0.0,0.0,0.0,0.007547169811320755,0.022641509433962263,0.01509433962264151,0.0,0.0,0.0,0.0,0.0,0.0,0.0,0.0,0.0,0.0,0.0,0.0,0.0,0.0,0.0,0.0,0.0,0.0,0.0,0.0,0.0,0.0,0.0,0.0,0.0,0.0,0.011320754716981131,0.0,0.0,0.0,0.0,0.0,0.0,0.0,0.0,0.0,0.0,0.018867924528301886,0.0,0.0,0.0,0.0,0.0,0.0,0.0,0.0,0.007547169811320755,0.0,0.0,0.0,0.0,0.0,0.0,0.0,0.0,0.0,0.0,0.018867924528301886,0.007547169811320755,0.0,0.0,0.0,0.007547169811320755,0.0,0.0,0.0,0.0,0.0,0.0,0.0,0.0,0.0,0.0,0.0,0.0,0.0,0.0,0.0,0.0,0.007547169811320755,0.0,0.0,0.0,0.0,0.0,0.0,0.0,0.0,0.0037735849056603774,0.0,0.0,0.0,0.0037735849056603774,0.0,0.0,0.0,0.0,0.0,0.0,0.0,0.0,0.0,0.0037735849056603774,0.0,0.0,0.0,0.0,0.0,0.0,0.0,0.0,0.0,0.0,0.0,0.0,0.0,0.0,0.0,0.0,0.0,0.0,0.0,0.0,0.0,0.0,0.0,0.0037735849056603774,0.0,0.0,0.007547169811320755,0.0,0.0,0.0,0.0,0.0,0.0,0.0,0.0,0.0037735849056603774,0.0,0.0,0.011320754716981131,0.0,0.0,0.0,0.0,0.0,0.0,0.0,0.0,0.0,0.0,0.0,0.0,0.0,0.0,0.0,0.0,0.0,0.0,0.0,0.0037735849056603774,0.0,0.0,0.0,0.0,0.0,0.0,0.007547169811320755,0.0,0.0,0.0,0.007547169811320755,0.0,0.0,0.007547169811320755,0.0,0.0,0.0,0.0,0.0,0.442,0.893,-4.878,0.0505,0.0,0.529
0.0015267175572519084,0.0,0.0,0.0,0.0015267175572519084,0.0,0.0,0.0015267175572519084,0.0,0.0,0.0,0.0015267175572519084,0.0,0.0,0.0015267175572519084,0.0,0.0015267175572519084,0.0,0.0,0.010687022900763359,0.0,0.0015267175572519084,0.0,0.0,0.0015267175572519084,0.0,0.0,0.007633587786259542,0.0,0.0,0.007633587786259542,0.0,0.0,0.0,0.0,0.0015267175572519084,0.0,0.0,0.0,0.0,0.0,0.0,0.0,0.0,0.0,0.0,0.0,0.0,0.0,0.0,0.0015267175572519084,0.0,0.0,0.0,0.0,0.0,0.0,0.007633587786259542,0.0,0.0,0.0015267175572519084,0.0,0.0,0.007633587786259542,0.0,0.0,0.0,0.0,0.0,0.0,0.0,0.0,0.0,0.0,0.0,0.0,0.0,0.0,0.0,0.0,0.0,0.0,0.0,0.0,0.0,0.0,0.015267175572519083,0.0015267175572519084,0.0,0.00916030534351145,0.0,0.0,0.0,0.0,0.0,0.0,0.0,0.0,0.0015267175572519084,0.0,0.0015267175572519084,0.0,0.0,0.0,0.0,0.0,0.0,0.0,0.0,0.0,0.0,0.00916030534351145,0.0,0.0,0.0,0.0,0.0,0.0015267175572519084,0.0,0.0015267175572519084,0.0,0.0,0.0,0.0,0.0,0.0,0.0,0.0,0.0,0.007633587786259542,0.0,0.0,0.0,0.0,0.0,0.0,0.0,0.0,0.007633587786259542,0.0,0.0015267175572519084,0.0,0.0,0.0,0.0,0.0,0.0,0.007633587786259542,0.007633587786259542,0.0,0.007633587786259542,0.0,0.0,0.0,0.0,0.0030534351145038168,0.0,0.0,0.015267175572519083,0.0,0.0,0.0,0.0,0.0,0.0,0.0,0.0,0.0,0.007633587786259542,0.0,0.0015267175572519084,0.0,0.0,0.016793893129770993,0.0,0.0,0.0,0.0,0.0030534351145038168,0.0,0.0,0.0,0.0,0.0,0.0,0.0,0.0,0.0,0.00916030534351145,0.0,0.0,0.0,0.00916030534351145,0.0,0.0,0.0,0.0,0.0,0.938,0.735,-6.382,0.0434,0.0,0.0998
0.0,0.0,0.0,0.002277904328018223,0.0,0.0,0.0,0.0,0.0,0.0,0.0,0.0,0.0,0.0,0.0,0.0,0.0,0.0,0.0,0.0,0.0,0.0,0.0,0.0,0.0,0.0,0.0,0.0,0.00683371298405467,0.002277904328018223,0.0,0.0,0.0,0.0,0.0,0.0,0.0,0.002277904328018223,0.002277904328018223,0.0,0.002277904328018223,0.0,0.0,0.0,0.0,0.0,0.0,0.0,0.002277904328018223,0.0,0.0,0.04100227790432802,0.0,0.0,0.0,0.0,0.0,0.0,0.0,0.0,0.09111617312072894,0.0,0.0,0.002277904328018223,0.0,0.0,0.0,0.0,0.0,0.0,0.002277904328018223,0.0,0.0,0.0,0.004555808656036446,0.0,0.002277904328018223,0.0,0.0,0.0,0.0,0.0,0.002277904328018223,0.0,0.0,0.0,0.0,0.0,0.0,0.004555808656036446,0.0,0.0,0.0,0.0,0.0,0.0,0.04100227790432802,0.0,0.00683371298405467,0.004555808656036446,0.002277904328018223,0.0,0.0,0.002277904328018223,0.0,0.0,0.0,0.0,0.0,0.0,0.0,0.0,0.011389521640091117,0.0,0.0,0.002277904328018223,0.0,0.0,0.0,0.009111617312072893,0.009111617312072893,0.0,0.0,0.0,0.0,0.0,0.002277904328018223,0.0,0.002277904328018223,0.0,0.0,0.0,0.0,0.0,0.0,0.002277904328018223,0.002277904328018223,0.0,0.0,0.002277904328018223,0.0,0.0,0.04100227790432802,0.00683371298405467,0.0,0.0,0.0,0.0,0.0,0.002277904328018223,0.0,0.0,0.0,0.0,0.0,0.002277904328018223,0.0,0.0,0.0,0.0,0.0,0.0,0.0,0.0,0.0,0.0,0.0,0.0,0.0,0.0,0.0,0.0,0.0,0.011389521640091117,0.002277904328018223,0.002277904328018223,0.0,0.0,0.04100227790432802,0.0,0.0,0.0,0.0,0.0,0.0,0.0,0.0,0.0,0.10478359908883828,0.0,0.002277904328018223,0.0,0.04100227790432802,0.004555808656036446,0.0,0.0,0.0,0.0,0.719,0.839,-5.235,0.0257,0.0,0.228
0.0,0.0,0.0,0.0,0.0,0.0,0.0034602076124567475,0.0,0.0,0.0,0.0,0.0,0.0,0.0,0.0,0.0034602076124567475,0.0,0.0,0.0,0.0,0.0,0.0,0.0,0.0,0.01384083044982699,0.0,0.0034602076124567475,0.0,0.0,0.006920415224913495,0.01384083044982699,0.0,0.0,0.0,0.0,0.0,0.0,0.0,0.0,0.0034602076124567475,0.0,0.0,0.0,0.0034602076124567475,0.0,0.0,0.0,0.0,0.006920415224913495,0.0,0.0,0.010380622837370242,0.0,0.0,0.0034602076124567475,0.0,0.0,0.0,0.0,0.0,0.0,0.0,0.0,0.04498269896193772,0.0,0.0,0.0,0.0,0.0,0.0,0.0,0.0,0.0,0.0,0.0,0.0,0.0,0.0034602076124567475,0.0,0.0,0.0,0.0,0.006920415224913495,0.0,0.0034602076124567475,0.0,0.0,0.0,0.0,0.0,0.0,0.0,0.0,0.0,0.0,0.0,0.0,0.0,0.01384083044982699,0.0,0.01384083044982699,0.0,0.0,0.0,0.0,0.020761245674740483,0.0,0.006920415224913495,0.0,0.0,0.0,0.0,0.006920415224913495,0.0,0.0,0.006920415224913495,0.0,0.0,0.0,0.01384083044982699,0.0,0.0,0.0,0.0,0.0,0.0,0.0,0.0,0.0,0.0034602076124567475,0.0,0.0,0.0,0.0,0.02768166089965398,0.0,0.0,0.0,0.01384083044982699,0.006920415224913495,0.0,0.0,0.0,0.0,0.0,0.0,0.0,0.01384083044982699,0.0,0.0,0.0,0.0,0.0,0.0,0.0,0.006920415224913495,0.0,0.0034602076124567475,0.04498269896193772,0.0,0.0,0.0,0.0,0.0,0.0,0.0,0.0,0.0,0.0,0.0,0.0034602076124567475,0.0,0.0,0.006920415224913495,0.02768166089965398,0.0,0.0,0.0,0.0034602076124567475,0.0,0.0,0.0,0.0,0.0,0.0,0.04498269896193772,0.0,0.0,0.0,0.0,0.0,0.0034602076124567475,0.03460207612456748,0.006920415224913495,0.0,0.0,0.0,0.0,0.465,0.954,-4.251,0.044,5.38e-06,0.573
0.0,0.0,0.0,0.004166666666666667,0.0020833333333333333,0.0,0.0020833333333333333,0.0,0.0,0.0020833333333333333,0.0,0.0,0.0,0.0,0.0,0.0,0.0020833333333333333,0.0,0.0,0.0,0.0,0.0,0.0,0.0,0.0,0.0,0.0,0.0,0.0020833333333333333,0.004166666666666667,0.0020833333333333333,0.0,0.0,0.0,0.0,0.0020833333333333333,0.0,0.0,0.0,0.004166666666666667,0.0,0.0,0.0,0.0020833333333333333,0.0,0.0,0.0,0.0,0.0020833333333333333,0.0,0.0020833333333333333,0.008333333333333333,0.0,0.004166666666666667,0.0,0.004166666666666667,0.0,0.0,0.0,0.0,0.0020833333333333333,0.0020833333333333333,0.0,0.0,0.0,0.0,0.0,0.0,0.0,0.0,0.0,0.0,0.0,0.0,0.0,0.0,0.0020833333333333333,0.0,0.0,0.0,0.0,0.0,0.004166666666666667,0.0,0.0020833333333333333,0.0,0.0,0.0,0.0,0.004166666666666667,0.0,0.0,0.0,0.0,0.0,0.0,0.008333333333333333,0.0,0.0,0.004166666666666667,0.0020833333333333333,0.0,0.0,0.0,0.0,0.0020833333333333333,0.0,0.004166666666666667,0.0,0.0,0.0,0.0,0.004166666666666667,0.0020833333333333333,0.0,0.00625,0.0,0.0,0.0,0.0020833333333333333,0.004166666666666667,0.0020833333333333333,0.004166666666666667,0.0,0.0,0.0,0.0020833333333333333,0.0,0.004166666666666667,0.004166666666666667,0.0,0.0,0.0,0.0020833333333333333,0.0,0.0,0.0,0.0,0.0,0.0020833333333333333,0.0020833333333333333,0.0,0.008333333333333333,0.0,0.0,0.0,0.0,0.0020833333333333333,0.0,0.0,0.0,0.0,0.0,0.0,0.0020833333333333333,0.0020833333333333333,0.0,0.004166666666666667,0.0,0.0,0.0,0.0,0.0020833333333333333,0.0,0.0,0.0,0.0,0.0,0.0020833333333333333,0.0,0.0,0.0,0.0,0.00625,0.0020833333333333333,0.0,0.0,0.0,0.020833333333333332,0.0,0.0,0.0,0.0,0.0,0.0,0.0020833333333333333,0.0,0.0,0.0020833333333333333,0.0,0.0,0.0,0.0125,0.0020833333333333333,0.0,0.0,0.0,0.0,0.73,0.848,-5.262,0.101,0.0,0.133
0.0,0.0,0.0,0.0,0.0,0.0,0.0,0.0,0.0,0.0,0.0,0.0,0.0,0.0,0.0,0.0,0.0,0.0,0.0,0.0,0.0,0.0,0.0,0.0,0.0,0.0,0.0,0.0,0.0,0.0,0.0,0.0,0.0,0.007017543859649123,0.0,0.0,0.0,0.0,0.0,0.0,0.0,0.0,0.0,0.0,0.0,0.0,0.0,0.0,0.0,0.0,0.0,0.0,0.0,0.0,0.0,0.0,0.0,0.0,0.0,0.0,0.010526315789473684,0.007017543859649123,0.014035087719298246,0.0,0.0,0.0,0.0,0.0,0.0,0.0,0.0,0.0,0.0,0.0,0.014035087719298246,0.0,0.0,0.0,0.0,0.0,0.0,0.0035087719298245615,0.0,0.0,0.0,0.0,0.0,0.0,0.007017543859649123,0.0,0.0,0.0,0.0,0.0,0.0,0.0,0.0,0.0,0.0,0.0,0.0,0.0,0.0,0.014035087719298246,0.0,0.0,0.0,0.0,0.0,0.0,0.0,0.0,0.0,0.0,0.0,0.0035087719298245615,0.0,0.0,0.0,0.0,0.0,0.007017543859649123,0.0,0.0,0.0,0.0,0.0,0.0,0.0,0.014035087719298246,0.0035087719298245615,0.0,0.0,0.0,0.0,0.0,0.0,0.0,0.0035087719298245615,0.0,0.0,0.0,0.0,0.007017543859649123,0.0,0.0,0.0,0.0,0.0,0.0,0.0,0.0,0.0,0.0,0.0,0.0035087719298245615,0.0,0.014035087719298246,0.0,0.0,0.0,0.0,0.0,0.0,0.0,0.0,0.0,0.0,0.014035087719298246,0.0,0.0,0.0,0.0,0.0,0.0,0.0,0.0,0.0,0.0035087719298245615,0.0,0.0,0.0,0.0,0.0,0.0,0.0035087719298245615,0.0,0.0035087719298245615,0.010526315789473684,0.0,0.0,0.0,0.0,0.0,0.0,0.0,0.0,0.0,0.559,0.845,-3.871,0.0379,0.0,0.164
0.0021008403361344537,0.0,0.0,0.0,0.0,0.0021008403361344537,0.0,0.0,0.0021008403361344537,0.0,0.0,0.0,0.0,0.0,0.0,0.0,0.01050420168067227,0.0,0.0021008403361344537,0.0,0.0,0.0,0.0,0.0,0.0,0.0,0.0,0.0,0.0,0.0,0.0,0.0,0.0,0.0,0.0021008403361344537,0.0,0.0,0.014705882352941176,0.0,0.004201680672268907,0.0,0.0,0.0,0.0021008403361344537,0.0,0.0,0.0,0.0,0.0,0.0,0.0,0.0021008403361344537,0.0,0.008403361344537815,0.025210084033613446,0.0,0.0,0.0,0.0,0.0,0.0021008403361344537,0.0,0.0021008403361344537,0.008403361344537815,0.0021008403361344537,0.0,0.0,0.0,0.0,0.0,0.0,0.0,0.0,0.0,0.0021008403361344537,0.0,0.0,0.004201680672268907,0.0,0.0,0.0,0.008403361344537815,0.0021008403361344537,0.0,0.0,0.0,0.0,0.0,0.004201680672268907,0.0,0.0,0.0,0.0,0.0,0.0063025210084033615,0.0,0.0,0.0,0.0,0.0,0.0,0.0,0.0,0.008403361344537815,0.0,0.0,0.0,0.0,0.0,0.0,0.0,0.0,0.0,0.0,0.004201680672268907,0.0,0.0,0.0021008403361344537,0.0,0.0,0.0,0.0,0.0063025210084033615,0.0,0.0,0.0,0.0,0.0,0.0,0.0021008403361344537,0.008403361344537815,0.0,0.0,0.0,0.0,0.0,0.0063025210084033615,0.008403361344537815,0.0,0.0,0.0,0.0,0.0,0.0,0.0,0.0,0.0,0.0,0.0,0.0,0.0,0.0,0.0021008403361344537,0.0,0.0,0.0021008403361344537,0.0,0.0,0.0063025210084033615,0.0,0.0,0.0,0.0,0.0,0.0,0.0,0.0,0.0,0.0,0.0021008403361344537,0.0,0.0,0.0,0.0,0.0,0.0,0.0,0.0,0.02100840336134454,0.0,0.0,0.0,0.0,0.008403361344537815,0.0,0.008403361344537815,0.0,0.008403361344537815,0.0021008403361344537,0.0,0.0,0.0,0.01050420168067227,0.0,0.0,0.0,0.0,0.0,0.725,0.732,-6.594,0.156,1.8e-06,0.104
0.008064516129032258,0.0,0.0,0.0,0.0,0.0,0.008064516129032258,0.0,0.002688172043010753,0.0,0.0,0.0,0.0,0.0,0.0,0.008064516129032258,0.002688172043010753,0.0,0.008064516129032258,0.0,0.0,0.0,0.0,0.0,0.002688172043010753,0.0,0.0,0.0,0.0,0.0,0.0,0.0,0.0,0.0,0.0,0.0,0.0,0.0,0.0,0.0,0.0,0.0,0.0,0.010752688172043012,0.0,0.0,0.0,0.0,0.0,0.0,0.0,0.0,0.0,0.0,0.0,0.0,0.0,0.0,0.0,0.0,0.0,0.0,0.0,0.0,0.0,0.0,0.0,0.008064516129032258,0.0,0.0,0.002688172043010753,0.0,0.0,0.0,0.0,0.002688172043010753,0.0,0.0,0.0,0.0,0.0,0.0,0.0,0.002688172043010753,0.0,0.0,0.0,0.002688172043010753,0.0,0.002688172043010753,0.0,0.0,0.0,0.0,0.0,0.0,0.005376344086021506,0.0,0.002688172043010753,0.0,0.0,0.0,0.0,0.0,0.0,0.010752688172043012,0.0,0.0,0.0,0.0,0.0,0.0,0.0,0.0,0.0,0.0,0.0,0.0,0.0,0.002688172043010753,0.0,0.0,0.0,0.0,0.0,0.0,0.0,0.008064516129032258,0.0,0.0,0.0,0.0,0.0,0.0,0.0,0.0,0.0,0.0,0.0,0.0,0.0,0.0,0.0,0.0,0.0,0.0,0.002688172043010753,0.002688172043010753,0.0,0.0,0.0,0.0,0.0,0.0,0.0,0.002688172043010753,0.0,0.0,0.0,0.0,0.0,0.0,0.0,0.0,0.0,0.0,0.0,0.0,0.002688172043010753,0.0,0.0,0.0,0.0,0.026881720430107527,0.0,0.0,0.0,0.0,0.016129032258064516,0.0,0.0,0.0,0.0,0.0,0.0,0.0,0.0,0.0,0.008064516129032258,0.002688172043010753,0.002688172043010753,0.0,0.008064516129032258,0.0,0.0,0.0,0.0,0.0,0.695,0.903,-5.092,0.162,4.32e-05,0.126
0.0,0.0,0.0,0.0,0.001455604075691412,0.0,0.001455604075691412,0.0,0.002911208151382824,0.0,0.0,0.0,0.0,0.0,0.0,0.001455604075691412,0.002911208151382824,0.0,0.0,0.002911208151382824,0.0,0.0,0.0,0.0,0.001455604075691412,0.0,0.0,0.001455604075691412,0.0,0.002911208151382824,0.001455604075691412,0.0,0.0,0.0,0.0,0.0,0.0,0.0,0.0,0.001455604075691412,0.0,0.001455604075691412,0.0,0.002911208151382824,0.0,0.0,0.0,0.0,0.001455604075691412,0.0,0.0,0.001455604075691412,0.002911208151382824,0.0,0.0,0.0,0.0,0.001455604075691412,0.0,0.0,0.0,0.00727802037845706,0.0,0.005822416302765648,0.0,0.0,0.0,0.0,0.0,0.0,0.0,0.0,0.0,0.0,0.0,0.002911208151382824,0.0,0.0,0.0,0.0,0.001455604075691412,0.0,0.001455604075691412,0.001455604075691412,0.001455604075691412,0.0,0.0,0.001455604075691412,0.0,0.001455604075691412,0.0,0.0,0.0,0.0,0.0,0.0,0.002911208151382824,0.0,0.018922852983988356,0.008733624454148471,0.0,0.0,0.0,0.001455604075691412,0.0,0.001455604075691412,0.0,0.0,0.0,0.0,0.0,0.0,0.002911208151382824,0.004366812227074236,0.0,0.001455604075691412,0.0,0.002911208151382824,0.0,0.00727802037845706,0.010189228529839884,0.0,0.0,0.0,0.0,0.0,0.001455604075691412,0.0,0.001455604075691412,0.002911208151382824,0.0,0.0,0.0,0.0,0.001455604075691412,0.0,0.0,0.005822416302765648,0.001455604075691412,0.004366812227074236,0.0,0.0,0.008733624454148471,0.004366812227074236,0.0,0.0,0.0,0.002911208151382824,0.001455604075691412,0.0,0.001455604075691412,0.0,0.0,0.004366812227074236,0.004366812227074236,0.002911208151382824,0.0,0.0,0.001455604075691412,0.0,0.0,0.0,0.0,0.0,0.0,0.0,0.0,0.0,0.002911208151382824,0.0,0.0,0.0,0.0,0.010189228529839884,0.0,0.00727802037845706,0.0,0.0,0.010189228529839884,0.0,0.0,0.0,0.0,0.005822416302765648,0.0,0.005822416302765648,0.0,0.0,0.0,0.001455604075691412,0.01455604075691412,0.0,0.002911208151382824,0.001455604075691412,0.0,0.0,0.0,0.0,0.747,0.878,-3.533,0.0282,0.0,0.0872
0.0,0.0,0.005797101449275362,0.0,0.0,0.0,0.002898550724637681,0.0,0.002898550724637681,0.0,0.0,0.0,0.0,0.0,0.0,0.0,0.0,0.0,0.0,0.0,0.0,0.0,0.0,0.0,0.005797101449275362,0.0,0.0,0.0,0.0,0.0,0.0,0.0,0.0,0.0,0.0,0.0,0.0,0.0,0.0,0.0,0.0,0.0,0.0,0.002898550724637681,0.0,0.0,0.005797101449275362,0.0,0.0,0.0,0.0,0.0,0.0,0.0,0.0,0.002898550724637681,0.0,0.005797101449275362,0.0,0.0,0.011594202898550725,0.0,0.0,0.002898550724637681,0.0,0.0,0.0,0.0,0.0,0.0,0.0,0.0,0.0,0.0,0.0,0.011594202898550725,0.005797101449275362,0.0,0.0,0.0,0.0,0.0,0.0,0.002898550724637681,0.0,0.0,0.002898550724637681,0.0,0.0,0.005797101449275362,0.0,0.0,0.0,0.0,0.0,0.0,0.002898550724637681,0.0,0.002898550724637681,0.005797101449275362,0.002898550724637681,0.0,0.0,0.0,0.0,0.0,0.0,0.002898550724637681,0.0,0.0,0.0,0.0,0.011594202898550725,0.0,0.0,0.0,0.0,0.0,0.0,0.011594202898550725,0.017391304347826087,0.0,0.0,0.0,0.008695652173913044,0.0,0.005797101449275362,0.0,0.011594202898550725,0.0,0.0,0.0,0.0,0.0,0.0,0.0,0.0,0.002898550724637681,0.0,0.0,0.002898550724637681,0.0,0.0,0.014492753623188406,0.0,0.0,0.0,0.002898550724637681,0.0,0.0,0.0,0.0,0.0,0.0,0.0,0.005797101449275362,0.0,0.0,0.0,0.0,0.0,0.0,0.0,0.0,0.0,0.0,0.0,0.0,0.005797101449275362,0.002898550724637681,0.002898550724637681,0.0,0.0,0.008695652173913044,0.0,0.0,0.0,0.0,0.005797101449275362,0.0,0.0,0.0,0.0,0.002898550724637681,0.0,0.005797101449275362,0.0,0.0,0.011594202898550725,0.002898550724637681,0.0,0.0,0.005797101449275362,0.005797101449275362,0.0,0.002898550724637681,0.0,0.0,0.485,0.823,-2.816,0.0362,0.0,0.116
0.0,0.0,0.0,0.0,0.019955654101995565,0.0,0.0,0.0,0.0022172949002217295,0.0,0.019955654101995565,0.0,0.0,0.0,0.0,0.0022172949002217295,0.0,0.0,0.0,0.0,0.0,0.0,0.0,0.0022172949002217295,0.0022172949002217295,0.0,0.0,0.0,0.004434589800443459,0.0,0.0,0.0,0.0,0.0,0.0,0.0,0.0,0.0,0.0,0.0,0.0,0.0022172949002217295,0.0,0.0,0.004434589800443459,0.0,0.0,0.0022172949002217295,0.0,0.0,0.0,0.019955654101995565,0.0,0.0,0.0,0.0,0.0,0.0,0.0,0.0,0.0,0.0,0.0,0.019955654101995565,0.0,0.0,0.0,0.0,0.0,0.0,0.0,0.0,0.0,0.0,0.0,0.0022172949002217295,0.0,0.0,0.0,0.0,0.0,0.0,0.0,0.004434589800443459,0.0022172949002217295,0.0,0.0,0.019955654101995565,0.0,0.0066518847006651885,0.0,0.0,0.0,0.0,0.0,0.0,0.0022172949002217295,0.0,0.004434589800443459,0.004434589800443459,0.0022172949002217295,0.0,0.0,0.0,0.0,0.004434589800443459,0.0,0.0,0.0022172949002217295,0.0,0.0,0.0,0.0,0.0,0.004434589800443459,0.0,0.0,0.0022172949002217295,0.0,0.0066518847006651885,0.0022172949002217295,0.0,0.0,0.0,0.0,0.0,0.0022172949002217295,0.0,0.0,0.0022172949002217295,0.0,0.0,0.0,0.0,0.0,0.0,0.0,0.0,0.0,0.0,0.0,0.0,0.0,0.0022172949002217295,0.0,0.0,0.0,0.0022172949002217295,0.0,0.0,0.0,0.0,0.0,0.0,0.0,0.0022172949002217295,0.0,0.0022172949002217295,0.0,0.0,0.0,0.0,0.0,0.0,0.0,0.0,0.0,0.0,0.004434589800443459,0.0,0.0,0.0,0.0,0.031042128603104215,0.0,0.0,0.0,0.0,0.0066518847006651885,0.0,0.0,0.0,0.0,0.0,0.0,0.0022172949002217295,0.0,0.0,0.0,0.0022172949002217295,0.0,0.0,0.022172949002217297,0.0,0.0,0.0,0.0,0.0,0.414,0.936,-2.407,0.0758,0.0,0.369
0.0,0.0,0.0,0.006389776357827476,0.0,0.0,0.003194888178913738,0.0,0.003194888178913738,0.003194888178913738,0.0,0.003194888178913738,0.0,0.0,0.0,0.025559105431309903,0.006389776357827476,0.003194888178913738,0.0,0.0,0.003194888178913738,0.0,0.0,0.0,0.0,0.0,0.0,0.0,0.0,0.0,0.003194888178913738,0.0,0.0,0.0,0.0,0.0,0.0,0.0,0.0,0.0,0.0,0.0,0.0,0.006389776357827476,0.003194888178913738,0.0,0.0,0.0,0.0,0.0,0.0,0.003194888178913738,0.0,0.012779552715654952,0.0,0.0,0.0,0.0,0.0,0.0,0.012779552715654952,0.0,0.0,0.0,0.0,0.0,0.0,0.0,0.0,0.0,0.0,0.0,0.0,0.0,0.0,0.0,0.0,0.0,0.0,0.0,0.0,0.0,0.0,0.003194888178913738,0.003194888178913738,0.0,0.0,0.0,0.0,0.003194888178913738,0.0,0.0,0.0,0.0,0.0,0.0,0.003194888178913738,0.0,0.003194888178913738,0.0,0.003194888178913738,0.0,0.0,0.003194888178913738,0.0,0.0,0.0,0.0,0.0,0.006389776357827476,0.003194888178913738,0.0,0.0,0.0,0.0,0.0,0.0,0.0,0.003194888178913738,0.01597444089456869,0.0,0.0,0.012779552715654952,0.0,0.0,0.0,0.0,0.0,0.0,0.01597444089456869,0.0,0.0,0.0,0.0,0.0,0.012779552715654952,0.0,0.025559105431309903,0.0,0.0,0.0,0.0,0.0,0.0,0.0,0.0,0.003194888178913738,0.0,0.003194888178913738,0.012779552715654952,0.0,0.0,0.0,0.0,0.0,0.003194888178913738,0.0,0.01597444089456869,0.003194888178913738,0.0,0.0,0.0,0.0,0.0,0.0,0.0,0.0,0.0,0.019169329073482427,0.003194888178913738,0.0,0.0,0.012779552715654952,0.003194888178913738,0.0,0.0,0.0,0.0,0.0,0.0,0.0,0.0,0.0,0.0,0.003194888178913738,0.025559105431309903,0.0,0.0,0.012779552715654952,0.0,0.0,0.0,0.006389776357827476,0.0,0.0,0.0,0.0,0.0,0.35,0.909,-4.204,0.0774,0.0,0.163
0.0,0.0,0.0,0.003745318352059925,0.0,0.0,0.011235955056179775,0.011235955056179775,0.003745318352059925,0.0,0.0,0.003745318352059925,0.0,0.0,0.0,0.0,0.00749063670411985,0.0,0.0,0.0,0.018726591760299626,0.0,0.0,0.003745318352059925,0.003745318352059925,0.0,0.0,0.003745318352059925,0.0,0.0,0.00749063670411985,0.0,0.0,0.0,0.0,0.0,0.0,0.0,0.0,0.0,0.0,0.0,0.0,0.0149812734082397,0.0149812734082397,0.0,0.0,0.0,0.0,0.0,0.0,0.0,0.0,0.003745318352059925,0.0,0.0,0.0,0.0,0.0,0.0,0.0,0.003745318352059925,0.0,0.0,0.0,0.0,0.0,0.0,0.0,0.0,0.0,0.0,0.0,0.0,0.0,0.003745318352059925,0.00749063670411985,0.0,0.0,0.0,0.0,0.0,0.0,0.011235955056179775,0.0,0.0,0.0,0.0,0.0,0.011235955056179775,0.0,0.0,0.0,0.0,0.0,0.0,0.003745318352059925,0.0,0.018726591760299626,0.02247191011235955,0.0,0.0,0.0,0.0,0.0,0.0,0.0,0.0,0.0,0.0,0.003745318352059925,0.0,0.018726591760299626,0.003745318352059925,0.0,0.0,0.0,0.0,0.003745318352059925,0.03745318352059925,0.026217228464419477,0.0,0.00749063670411985,0.0,0.011235955056179775,0.0,0.018726591760299626,0.0,0.026217228464419477,0.011235955056179775,0.0,0.0,0.0,0.0,0.0,0.0,0.011235955056179775,0.003745318352059925,0.0,0.0,0.0,0.0,0.0,0.003745318352059925,0.0,0.0,0.0,0.003745318352059925,0.0,0.0,0.0,0.0,0.0,0.003745318352059925,0.003745318352059925,0.003745318352059925,0.0,0.003745318352059925,0.0,0.003745318352059925,0.0,0.0,0.0,0.0,0.0,0.0,0.0,0.0,0.011235955056179775,0.0,0.0,0.0,0.0,0.026217228464419477,0.0,0.0,0.003745318352059925,0.0,0.0,0.0,0.018726591760299626,0.003745318352059925,0.0,0.0,0.0,0.003745318352059925,0.0,0.0,0.003745318352059925,0.003745318352059925,0.018726591760299626,0.0,0.02247191011235955,0.0,0.0,0.0,0.0,0.0,0.423,0.94,-4.012,0.0635,0.0,0.178
